-- TABLE
CREATE TABLE alumnos (
  id INTEGER PRIMARY KEY,
  nombre TEXT NOT NULL,
  grupo_id INTEGER,
  friendlyName TEXT,
  FOREIGN KEY (grupo_id) REFERENCES grupos(id)
);
CREATE TABLE asistencias (
  id INTEGER PRIMARY KEY,
  alumno_id INTEGER NOT NULL,
  fecha TEXT NOT NULL,          -- Usamos TEXT para fechas en formato 'YYYY-MM-DD'
  hora TEXT,                    -- Hora de asistencia en formato 'HH:MM:SS'
  presente INTEGER NOT NULL DEFAULT 0, -- 0 = false, 1 = true
  FOREIGN KEY (alumno_id) REFERENCES alumnos(id)
);
CREATE TABLE grupos (
  id INTEGER PRIMARY KEY,
  anio_escolar INTEGER NOT NULL,
  semestre INTEGER NOT NULL,
  nombre TEXT
);

INSERT INTO grupos (id, anio_escolar, semestre, nombre) VALUES (1, 1, 1, '1° Año - 1° Semestre');
INSERT INTO grupos (id, anio_escolar, semestre, nombre) VALUES (2, 1, 2, '1° Año - 2° Semestre');
INSERT INTO grupos (id, anio_escolar, semestre, nombre) VALUES (3, 2, 3, '2° Año - 3° Semestre');
INSERT INTO grupos (id, anio_escolar, semestre, nombre) VALUES (4, 2, 4, '2° Año - 4° Semestre');
INSERT INTO grupos (id, anio_escolar, semestre, nombre) VALUES (5, 3, 5, '3° Año - 5° Semestre');
INSERT INTO grupos (id, anio_escolar, semestre, nombre) VALUES (6, 3, 6, '3° Año - 6° Semestre');


 INSERT INTO alumnos (id, nombre, grupo_id, friendlyName) VALUES (3, 'BONIFACIO HERRERA KARLA MICHEL', 2, 'BONIFACIO HERRERA KARLA MICHEL');                       
 INSERT INTO alumnos (id, nombre, grupo_id, friendlyName) VALUES (4, 'CORTINA GÓMEZ ANGEL', 2, 'CORTINA GOMEZ ANGEL');                                             
 INSERT INTO alumnos (id, nombre, grupo_id, friendlyName) VALUES (5, 'DAVILA NOLASCO MARCO JAVIER', 2, 'DAVILA NOLASCO MARCO JAVIER');                             
 INSERT INTO alumnos (id, nombre, grupo_id, friendlyName) VALUES (6, 'FERNÁNDEZ GARCÍA ALEXIS', 2, 'FERNANDEZ GARCIA ALEXIS');                                     
 INSERT INTO alumnos (id, nombre, grupo_id, friendlyName) VALUES (7, 'FERNÁNDEZ TORRES VALERIA', 2, 'FERNANDEZ TORRES VALERIA');                                   
 INSERT INTO alumnos (id, nombre, grupo_id, friendlyName) VALUES (8, 'FIRO SAMANIEGO DANNA PAOLA', 2, 'FIRO SAMANIEGO DANNA PAOLA');                               
 INSERT INTO alumnos (id, nombre, grupo_id, friendlyName) VALUES (9, 'FLORENTINO MOLINA TONALLI ANDREA', 2, 'FLORENTINO MOLINA TONALLI ANDREA');                   
 INSERT INTO alumnos (id, nombre, grupo_id, friendlyName) VALUES (10, 'GALINDO FLORES ADRIANA', 2, 'GALINDO FLORES ADRIANA');                                      
 INSERT INTO alumnos (id, nombre, grupo_id, friendlyName) VALUES (11, 'GALINDO JUÁREZ BRAYAN', 2, 'GALINDO JUAREZ BRAYAN');                                        
 INSERT INTO alumnos (id, nombre, grupo_id, friendlyName) VALUES (12, 'GARDUÑO BARRERA ÁNGEL IVÁN', 2, 'GARDUNO BARRERA ANGEL IVAN');                              
 INSERT INTO alumnos (id, nombre, grupo_id, friendlyName) VALUES (13, 'JUÁREZ RIVERA KEVIN SANTIAGO', 2, 'JUAREZ RIVERA KEVIN SANTIAGO');                          
 INSERT INTO alumnos (id, nombre, grupo_id, friendlyName) VALUES (14, 'LEAL RODRÍGUEZ ERIK ANTONIO', 2, 'LEAL RODRIGUEZ ERIK ANTONIO');                            
 INSERT INTO alumnos (id, nombre, grupo_id, friendlyName) VALUES (15, 'LÓPEZ CONTRERAS AARÓN', 2, 'LOPEZ CONTRERAS AARON');                                        
 INSERT INTO alumnos (id, nombre, grupo_id, friendlyName) VALUES (16, 'LUCIANO YÁÑEZ MARIANA', 2, 'LUCIANO YANEZ MARIANA');                                        
 INSERT INTO alumnos (id, nombre, grupo_id, friendlyName) VALUES (17, 'MANZANARES NESTOR ARIANA NEFTALI', 2, 'MANZANARES NESTOR ARIANA NEFTALI');                  
 INSERT INTO alumnos (id, nombre, grupo_id, friendlyName) VALUES (18, 'MARES JUÁREZ ZURIA RENATA', 2, 'MARES JUAREZ ZURIA RENATA');                                
 INSERT INTO alumnos (id, nombre, grupo_id, friendlyName) VALUES (19, 'MIRANDA ROMERO GUADALUPE YOJANNY', 2, 'MIRANDA ROMERO GUADALUPE YOJANNY');                  
 INSERT INTO alumnos (id, nombre, grupo_id, friendlyName) VALUES (20, 'MOLINA CUAHUTLE ESPERANZA', 2, 'MOLINA CUAHUTLE ESPERANZA');                                
 INSERT INTO alumnos (id, nombre, grupo_id, friendlyName) VALUES (21, 'MORALES NEGRETE DANIELA', 2, 'MORALES NEGRETE DANIELA');                                    
 INSERT INTO alumnos (id, nombre, grupo_id, friendlyName) VALUES (22, 'MORALES SAMANIEGO JOSUÉ', 2, 'MORALES SAMANIEGO JOSUE');                                    
 INSERT INTO alumnos (id, nombre, grupo_id, friendlyName) VALUES (23, 'PEÑA MARES RENATA MICHELL', 2, 'PENA MARES RENATA MICHELL');                                
 INSERT INTO alumnos (id, nombre, grupo_id, friendlyName) VALUES (24, 'RICARDO JIMÉNEZ ARLETH', 2, 'RICARDO JIMENEZ ARLETH');                                      
 INSERT INTO alumnos (id, nombre, grupo_id, friendlyName) VALUES (25, 'RICARDO ROSAS CITLALI', 2, 'RICARDO ROSAS CITLALI');                                        
 INSERT INTO alumnos (id, nombre, grupo_id, friendlyName) VALUES (26, 'ROSALES AGUILAR TANIA', 2, 'ROSALES AGUILAR TANIA');                                        
 INSERT INTO alumnos (id, nombre, grupo_id, friendlyName) VALUES (27, 'SÁNCHEZ CEBALLOS STEVEN ALEXIS', 2, 'SANCHEZ CEBALLOS STEVEN ALEXIS');                      
 INSERT INTO alumnos (id, nombre, grupo_id, friendlyName) VALUES (28, 'SANCHEZ FERREYRA  ESTEFANIA', 2, 'SANCHEZ FERREYRA  ESTEFANIA');                            
 INSERT INTO alumnos (id, nombre, grupo_id, friendlyName) VALUES (29, 'SOSA RIVERA URIEL', 2, 'SOSA RIVERA URIEL');                                                
 INSERT INTO alumnos (id, nombre, grupo_id, friendlyName) VALUES (30, 'VARA CHARREZ JESSICA', 2, 'VARA CHARREZ JESSICA');                                          
 INSERT INTO alumnos (id, nombre, grupo_id, friendlyName) VALUES (31, 'ARIZMENDI PUENTES LILIANA', 2, 'ARIZMENDI PUENTES LILIANA');                                
 INSERT INTO alumnos (id, nombre, grupo_id, friendlyName) VALUES (32, 'BARRANCO REYNOSO ÍNGRID RUBI', 2, 'BARRANCO REYNOSO INGRID RUBI');                          
 INSERT INTO alumnos (id, nombre, grupo_id, friendlyName) VALUES (33, 'BATALLA VIDAL GETZEMANI DAYANNE', 2, 'BATALLA VIDAL GETZEMANI DAYANNE');                    
 INSERT INTO alumnos (id, nombre, grupo_id, friendlyName) VALUES (34, 'BUSTAMANTE COLIN FATIMA TONANTCY', 2, 'BUSTAMANTE COLIN FATIMA TONANTCY');                  
 INSERT INTO alumnos (id, nombre, grupo_id, friendlyName) VALUES (35, 'BUSTAMANTE DÍAZ MARCO ANTONIO', 2, 'BUSTAMANTE DIAZ MARCO ANTONIO');                        
 INSERT INTO alumnos (id, nombre, grupo_id, friendlyName) VALUES (36, 'CEBALLOS  GARCÍA CYNTHIA', 2, 'CEBALLOS  GARCIA CYNTHIA');                                  
 INSERT INTO alumnos (id, nombre, grupo_id, friendlyName) VALUES (37, 'CHAVARRÍA RAMÍREZ ENRIQUE', 2, 'CHAVARRIA RAMIREZ ENRIQUE');                                
 INSERT INTO alumnos (id, nombre, grupo_id, friendlyName) VALUES (38, 'CINENCIO MORENO YAEL', 2, 'CINENCIO MORENO YAEL');                                          
 INSERT INTO alumnos (id, nombre, grupo_id, friendlyName) VALUES (39, 'CUEVAS GRACIDA JAQUELIN', 2, 'CUEVAS GRACIDA JAQUELIN');                                    
 INSERT INTO alumnos (id, nombre, grupo_id, friendlyName) VALUES (40, 'DOMÍNGUEZ CERVANTES NICOLE STEPHANIA', 2, 'DOMINGUEZ CERVANTES NICOLE STEPHANIA');          
 INSERT INTO alumnos (id, nombre, grupo_id, friendlyName) VALUES (41, 'DOROTEO GONZÁLEZ ATZIRY BELINDA', 2, 'DOROTEO GONZALEZ ATZIRY BELINDA');                    
 INSERT INTO alumnos (id, nombre, grupo_id, friendlyName) VALUES (42, 'ENRÍQUEZ COROY SAYURI', 2, 'ENRIQUEZ COROY SAYURI');                                        
 INSERT INTO alumnos (id, nombre, grupo_id, friendlyName) VALUES (43, 'FERREYRA ESPINOZA SANTOS', 2, 'FERREYRA ESPINOZA SANTOS');                                  
 INSERT INTO alumnos (id, nombre, grupo_id, friendlyName) VALUES (44, 'HERNÁNDEZ PIÑA YEIMI YARET', 2, 'HERNANDEZ PINA YEIMI YARET');                              
 INSERT INTO alumnos (id, nombre, grupo_id, friendlyName) VALUES (45, 'LARA GÁLVEZ DANIELA', 2, 'LARA GALVEZ DANIELA');                                            
 INSERT INTO alumnos (id, nombre, grupo_id, friendlyName) VALUES (46, 'LORETO BOBADILLA WENDI GUADALUPE AUTO', 2, 'LORETO BOBADILLA WENDI GUADALUPE AUTO');        
 INSERT INTO alumnos (id, nombre, grupo_id, friendlyName) VALUES (47, 'MANZANARES BOBADILLA ESMERALDA RUBI', 2, 'MANZANARES BOBADILLA ESMERALDA RUBI');            
 INSERT INTO alumnos (id, nombre, grupo_id, friendlyName) VALUES (48, 'MEZA FERNÁNDEZ FERNANDA', 2, 'MEZA FERNANDEZ FERNANDA');                                    
 INSERT INTO alumnos (id, nombre, grupo_id, friendlyName) VALUES (49, 'NAVARRETE RICARDO FERNANDA', 2, 'NAVARRETE RICARDO FERNANDA');                              
 INSERT INTO alumnos (id, nombre, grupo_id, friendlyName) VALUES (50, 'NEGRETE ROMERO CINTHIA', 2, 'NEGRETE ROMERO CINTHIA');                                      
 INSERT INTO alumnos (id, nombre, grupo_id, friendlyName) VALUES (51, 'PEÑA MORENO REGINA', 2, 'PENA MORENO REGINA');                                              
 INSERT INTO alumnos (id, nombre, grupo_id, friendlyName) VALUES (52, 'REYES RIVERA FÁTIMA DENISS', 2, 'REYES RIVERA FATIMA DENISS');                              
 INSERT INTO alumnos (id, nombre, grupo_id, friendlyName) VALUES (53, 'REZA REYNOSO ESMERALDA', 2, 'REZA REYNOSO ESMERALDA');                                      
 INSERT INTO alumnos (id, nombre, grupo_id, friendlyName) VALUES (54, 'RICARDO GALINDO BRAYAN IVÁN', 2, 'RICARDO GALINDO BRAYAN IVAN');                            
 INSERT INTO alumnos (id, nombre, grupo_id, friendlyName) VALUES (55, 'SALAS GUERRERO JOSÉ ALEXANDER', 2, 'SALAS GUERRERO JOSE ALEXANDER');                        
 INSERT INTO alumnos (id, nombre, grupo_id, friendlyName) VALUES (56, 'SALDÍVAR GONZÁLEZ JIMENA REGINA', 2, 'SALDIVAR GONZALEZ JIMENA REGINA');                    
 INSERT INTO alumnos (id, nombre, grupo_id, friendlyName) VALUES (57, 'SÁMANO RODRÍGUEZ FERNANDA', 2, 'SAMANO RODRIGUEZ FERNANDA');                                
 INSERT INTO alumnos (id, nombre, grupo_id, friendlyName) VALUES (58, 'SANTOS ROCHA MARIANA', 2, 'SANTOS ROCHA MARIANA');                                          
 INSERT INTO alumnos (id, nombre, grupo_id, friendlyName) VALUES (59, 'TAPIA GONZÁLEZ CLAUDIA', 2, 'TAPIA GONZALEZ CLAUDIA');                                      
 INSERT INTO alumnos (id, nombre, grupo_id, friendlyName) VALUES (60, 'AGUILAR PATIÑO DIEGO ANTONIO', 2, 'AGUILAR PATINO DIEGO ANTONIO');                          
 INSERT INTO alumnos (id, nombre, grupo_id, friendlyName) VALUES (61, 'ALVARADO ARAGÓN YAZMÍN', 2, 'ALVARADO ARAGON YAZMIN');                                      
 INSERT INTO alumnos (id, nombre, grupo_id, friendlyName) VALUES (62, 'AVENDAÑO MIRANDA PERLA JAZMÍN', 2, 'AVENDANO MIRANDA PERLA JAZMIN');                        
 INSERT INTO alumnos (id, nombre, grupo_id, friendlyName) VALUES (63, 'BAUTISTA HERNÁNDEZ JOCELYN  MICHELLE', 2, 'BAUTISTA HERNANDEZ JOCELYN  MICHELLE');          
 INSERT INTO alumnos (id, nombre, grupo_id, friendlyName) VALUES (64, 'CHÁVEZ HINOJOSA ALEXA FERNANDA', 2, 'CHAVEZ HINOJOSA ALEXA FERNANDA');                      
 INSERT INTO alumnos (id, nombre, grupo_id, friendlyName) VALUES (65, 'FLORES COROY  ANGEL EZEQUIEL', 2, 'FLORES COROY  ANGEL EZEQUIEL');                          
 INSERT INTO alumnos (id, nombre, grupo_id, friendlyName) VALUES (66, 'FLORES HERNÁNDEZ DULCE MARIA', 2, 'FLORES HERNANDEZ DULCE MARIA');                          
 INSERT INTO alumnos (id, nombre, grupo_id, friendlyName) VALUES (67, 'GALINDO ORTIZ MISAEL CRUZ', 2, 'GALINDO ORTIZ MISAEL CRUZ');                                
 INSERT INTO alumnos (id, nombre, grupo_id, friendlyName) VALUES (68, 'GONZÁLEZ GARDUÑO ESMERALDA', 2, 'GONZALEZ GARDUNO ESMERALDA');                              
 INSERT INTO alumnos (id, nombre, grupo_id, friendlyName) VALUES (69, 'JIMÉNEZ GUZMÁN ESMERALDA', 2, 'JIMENEZ GUZMAN ESMERALDA');                                  
 INSERT INTO alumnos (id, nombre, grupo_id, friendlyName) VALUES (70, 'JUAREZ BENITEZ JONATHAN', 2, 'JUAREZ BENITEZ JONATHAN');                                    
 INSERT INTO alumnos (id, nombre, grupo_id, friendlyName) VALUES (71, 'LARA CATZOLI ADRIÁN', 2, 'LARA CATZOLI ADRIAN');                                            
 INSERT INTO alumnos (id, nombre, grupo_id, friendlyName) VALUES (72, 'MARTÍNEZ DEL VALLE ALEXANDRA NOEMI', 2, 'MARTINEZ DEL VALLE ALEXANDRA NOEMI');              
 INSERT INTO alumnos (id, nombre, grupo_id, friendlyName) VALUES (73, 'NAVA PLIEGO DIEGO ALEXANDER', 2, 'NAVA PLIEGO DIEGO ALEXANDER');                            
 INSERT INTO alumnos (id, nombre, grupo_id, friendlyName) VALUES (74, 'NAVARRETE DÁVILA TANIA ABIGAIL', 2, 'NAVARRETE DAVILA TANIA ABIGAIL');                      
 INSERT INTO alumnos (id, nombre, grupo_id, friendlyName) VALUES (75, 'PERALTA MIRAMÓN ROGELIO', 2, 'PERALTA MIRAMON ROGELIO');                                    
 INSERT INTO alumnos (id, nombre, grupo_id, friendlyName) VALUES (76, 'RAMÍREZ DÍAZ CARLOS', 2, 'RAMIREZ DIAZ CARLOS');                                            
 INSERT INTO alumnos (id, nombre, grupo_id, friendlyName) VALUES (77, 'RAMÍREZ DÍAZ CYNTIA JAQUELIN', 2, 'RAMIREZ DIAZ CYNTIA JAQUELIN');                          
 INSERT INTO alumnos (id, nombre, grupo_id, friendlyName) VALUES (78, 'RAMÍREZ GARDUÑO YAIR FLORIBERTO', 2, 'RAMIREZ GARDUNO YAIR FLORIBERTO');                    
 INSERT INTO alumnos (id, nombre, grupo_id, friendlyName) VALUES (79, 'RAMÍREZ SANABRIA ESTHEFANY', 2, 'RAMIREZ SANABRIA ESTHEFANY');                              
 INSERT INTO alumnos (id, nombre, grupo_id, friendlyName) VALUES (80, 'REZA CUEVAS ANETTE ITZEL', 2, 'REZA CUEVAS ANETTE ITZEL');                                  
 INSERT INTO alumnos (id, nombre, grupo_id, friendlyName) VALUES (81, 'RÍOS VÁZQUEZ ERIKA WENDOLYN', 2, 'RIOS VAZQUEZ ERIKA WENDOLYN');                            
 INSERT INTO alumnos (id, nombre, grupo_id, friendlyName) VALUES (82, 'RIVERA ISAAC LEONARDO', 2, 'RIVERA ISAAC LEONARDO');                                        
 INSERT INTO alumnos (id, nombre, grupo_id, friendlyName) VALUES (83, 'ROJAS CAMPOS AYLIN FERNANDA', 2, 'ROJAS CAMPOS AYLIN FERNANDA');                            
 INSERT INTO alumnos (id, nombre, grupo_id, friendlyName) VALUES (84, 'SAMANIEGO BOBADILLA JIMENA', 2, 'SAMANIEGO BOBADILLA JIMENA');                              
 INSERT INTO alumnos (id, nombre, grupo_id, friendlyName) VALUES (85, 'SERRANO PUENTES DANIELA MARLEN', 2, 'SERRANO PUENTES DANIELA MARLEN');                      
 INSERT INTO alumnos (id, nombre, grupo_id, friendlyName) VALUES (86, 'SILVA SILVA DIANA ITZEL', 2, 'SILVA SILVA DIANA ITZEL');                                    
 INSERT INTO alumnos (id, nombre, grupo_id, friendlyName) VALUES (2, 'BLAS ESCANDÓN MELANY BERENICE', 2, 'BLAS ESCANDON MELANY BERENICE');                         
 INSERT INTO alumnos (id, nombre, grupo_id, friendlyName) VALUES (87, 'TELLES JUÁREZ IZAMAR JIMENA', 2, 'TELLES JUAREZ IZAMAR JIMENA');                            
 INSERT INTO alumnos (id, nombre, grupo_id, friendlyName) VALUES (88, 'TÉLLEZ REYES CARLA ITZEL', 2, 'TELLEZ REYES CARLA ITZEL');                                  
 INSERT INTO alumnos (id, nombre, grupo_id, friendlyName) VALUES (89, 'ARIAS FUENTES CESAR LUIS', 4, 'ARIAS FUENTES CESAR LUIS');                                  
 INSERT INTO alumnos (id, nombre, grupo_id, friendlyName) VALUES (90, 'BLAS RICARDO MELANIE REGINA', 4, 'BLAS RICARDO MELANIE REGINA');                            
 INSERT INTO alumnos (id, nombre, grupo_id, friendlyName) VALUES (91, 'COROY PLIEGO ALINE', 4, 'COROY PLIEGO ALINE');                                              
 INSERT INTO alumnos (id, nombre, grupo_id, friendlyName) VALUES (92, 'CUADROS JUAREZ JOSUE', 4, 'CUADROS JUAREZ JOSUE');                                          
 INSERT INTO alumnos (id, nombre, grupo_id, friendlyName) VALUES (93, 'DÁVILA BECERRIL MIGUEL STEVEN', 4, 'DAVILA BECERRIL MIGUEL STEVEN');                        
 INSERT INTO alumnos (id, nombre, grupo_id, friendlyName) VALUES (94, 'DIAZ GARIBAY MARCO ANTONIO', 4, 'DIAZ GARIBAY MARCO ANTONIO');                              
 INSERT INTO alumnos (id, nombre, grupo_id, friendlyName) VALUES (95, 'FRANCO  HERNANDEZ CRISTOPHER EDUARDO', 4, 'FRANCO  HERNANDEZ CRISTOPHER EDUARDO');          
 INSERT INTO alumnos (id, nombre, grupo_id, friendlyName) VALUES (96, 'GALINDO OLIVARES CARMEN AIDE', 4, 'GALINDO OLIVARES CARMEN AIDE');                          
 INSERT INTO alumnos (id, nombre, grupo_id, friendlyName) VALUES (97, 'GONZALEZ FIGUEROA DANIELA ALEJANDRA', 4, 'GONZALEZ FIGUEROA DANIELA ALEJANDRA');            
 INSERT INTO alumnos (id, nombre, grupo_id, friendlyName) VALUES (98, 'GUTIÉRREZ OSORIO BRANDON', 4, 'GUTIERREZ OSORIO BRANDON');                                  
 INSERT INTO alumnos (id, nombre, grupo_id, friendlyName) VALUES (99, 'HERNANDEZ VARGAS ROSALIA', 4, 'HERNANDEZ VARGAS ROSALIA');                                  
 INSERT INTO alumnos (id, nombre, grupo_id, friendlyName) VALUES (100, 'ISAAC CAMPOS RODRIGO', 4, 'ISAAC CAMPOS RODRIGO');                                         
 INSERT INTO alumnos (id, nombre, grupo_id, friendlyName) VALUES (101, 'JIMÉNEZ RAMÍREZ AARÓN', 4, 'JIMENEZ RAMIREZ AARON');                                       
 INSERT INTO alumnos (id, nombre, grupo_id, friendlyName) VALUES (102, 'LOPEZ GALINDO NANCY MONSERRAT', 4, 'LOPEZ GALINDO NANCY MONSERRAT');                       
 INSERT INTO alumnos (id, nombre, grupo_id, friendlyName) VALUES (103, 'MENDOZA ZAVALA DIANA SAMANTA', 4, 'MENDOZA ZAVALA DIANA SAMANTA');                         
 INSERT INTO alumnos (id, nombre, grupo_id, friendlyName) VALUES (104, 'MOLINA PEÑA RUBI', 4, 'MOLINA PENA RUBI');                                                 
 INSERT INTO alumnos (id, nombre, grupo_id, friendlyName) VALUES (105, 'NAVA PEÑA DAFNE SHIRLEY', 4, 'NAVA PENA DAFNE SHIRLEY');                                   
 INSERT INTO alumnos (id, nombre, grupo_id, friendlyName) VALUES (106, 'ORTIZ PULIDO KIMBERLY', 4, 'ORTIZ PULIDO KIMBERLY');                                       
 INSERT INTO alumnos (id, nombre, grupo_id, friendlyName) VALUES (107, 'PALACIOS MENDEZ MIREYA RENATA', 4, 'PALACIOS MENDEZ MIREYA RENATA');                       
 INSERT INTO alumnos (id, nombre, grupo_id, friendlyName) VALUES (108, 'PATIÑO GONZALEZ YAEL', 4, 'PATINO GONZALEZ YAEL');                                         
 INSERT INTO alumnos (id, nombre, grupo_id, friendlyName) VALUES (109, 'QUIROZ RICARDO ROBERTO CARLOS', 4, 'QUIROZ RICARDO ROBERTO CARLOS');                       
 INSERT INTO alumnos (id, nombre, grupo_id, friendlyName) VALUES (110, 'RAMIREZ OLIVARES DANIELA JOCELYN', 4, 'RAMIREZ OLIVARES DANIELA JOCELYN');                 
 INSERT INTO alumnos (id, nombre, grupo_id, friendlyName) VALUES (111, 'ROCHA PALACIOS DIEGO', 4, 'ROCHA PALACIOS DIEGO');                                         
 INSERT INTO alumnos (id, nombre, grupo_id, friendlyName) VALUES (112, 'ROSAS VEGA NAIKARY LEONORE', 4, 'ROSAS VEGA NAIKARY LEONORE');                             
 INSERT INTO alumnos (id, nombre, grupo_id, friendlyName) VALUES (113, 'SALDAÑA SALINAS ALONDRA', 4, 'SALDANA SALINAS ALONDRA');                                   
 INSERT INTO alumnos (id, nombre, grupo_id, friendlyName) VALUES (114, 'URAGA PULIDO ESTEFANIA', 4, 'URAGA PULIDO ESTEFANIA');                                     
 INSERT INTO alumnos (id, nombre, grupo_id, friendlyName) VALUES (115, 'VEGA ORTIZ ANGEL YAFET', 4, 'VEGA ORTIZ ANGEL YAFET');                                     
 INSERT INTO alumnos (id, nombre, grupo_id, friendlyName) VALUES (116, 'ZAVALA MEDINA JULIO CESAR', 4, 'ZAVALA MEDINA JULIO CESAR');                               
 INSERT INTO alumnos (id, nombre, grupo_id, friendlyName) VALUES (117, 'ALBARRAN DIAZ FRANCISCO EMILIO', 4, 'ALBARRAN DIAZ FRANCISCO EMILIO');                     
 INSERT INTO alumnos (id, nombre, grupo_id, friendlyName) VALUES (118, 'ALFARO ROCHA MELANY GUADALUPE', 4, 'ALFARO ROCHA MELANY GUADALUPE');                       
 INSERT INTO alumnos (id, nombre, grupo_id, friendlyName) VALUES (119, 'BUSTAMANTE ALVARADO CAMILA', 4, 'BUSTAMANTE ALVARADO CAMILA');                             
 INSERT INTO alumnos (id, nombre, grupo_id, friendlyName) VALUES (120, 'DIAZ RAMIREZ HUGO ENRIQUE', 4, 'DIAZ RAMIREZ HUGO ENRIQUE');                               
 INSERT INTO alumnos (id, nombre, grupo_id, friendlyName) VALUES (121, 'DIAZ REYES ALEXANDER', 4, 'DIAZ REYES ALEXANDER');                                         
 INSERT INTO alumnos (id, nombre, grupo_id, friendlyName) VALUES (122, 'FERMAN GUADARRAMA LUIS ANGEL', 4, 'FERMAN GUADARRAMA LUIS ANGEL');                         
 INSERT INTO alumnos (id, nombre, grupo_id, friendlyName) VALUES (123, 'FERNANDEZ CHAVEZ LEONARDO', 4, 'FERNANDEZ CHAVEZ LEONARDO');                               
 INSERT INTO alumnos (id, nombre, grupo_id, friendlyName) VALUES (124, 'FERNANDEZ DAVILA  LESLY AKETZALI', 4, 'FERNANDEZ DAVILA  LESLY AKETZALI');                 
 INSERT INTO alumnos (id, nombre, grupo_id, friendlyName) VALUES (125, 'GALINDO COLIN ABIGAIL CHANTAL', 4, 'GALINDO COLIN ABIGAIL CHANTAL');                       
 INSERT INTO alumnos (id, nombre, grupo_id, friendlyName) VALUES (126, 'GARCIA JASSO MELISSA JOVANA', 4, 'GARCIA JASSO MELISSA JOVANA');                           
 INSERT INTO alumnos (id, nombre, grupo_id, friendlyName) VALUES (127, 'GARCÍA SANTANA REGINA', 4, 'GARCIA SANTANA REGINA');                                       
 INSERT INTO alumnos (id, nombre, grupo_id, friendlyName) VALUES (128, 'GONZALEZ HERNANDEZ BRISIA', 4, 'GONZALEZ HERNANDEZ BRISIA');                               
 INSERT INTO alumnos (id, nombre, grupo_id, friendlyName) VALUES (129, 'JIMENEZ HERNANDEZ KARELI GETZEMANI', 4, 'JIMENEZ HERNANDEZ KARELI GETZEMANI');             
 INSERT INTO alumnos (id, nombre, grupo_id, friendlyName) VALUES (130, 'JIMENEZ REYES CECILIA YARET', 4, 'JIMENEZ REYES CECILIA YARET');                           
 INSERT INTO alumnos (id, nombre, grupo_id, friendlyName) VALUES (131, 'LORETO NORIA JOSE EMANUEL', 4, 'LORETO NORIA JOSE EMANUEL');                               
 INSERT INTO alumnos (id, nombre, grupo_id, friendlyName) VALUES (132, 'MIRANDA DORADO JUDIT BETZABE', 4, 'MIRANDA DORADO JUDIT BETZABE');                         
 INSERT INTO alumnos (id, nombre, grupo_id, friendlyName) VALUES (133, 'PACHECO HERNÁNDEZ HECTOR', 4, 'PACHECO HERNANDEZ HECTOR');                                 
 INSERT INTO alumnos (id, nombre, grupo_id, friendlyName) VALUES (134, 'PALACIOS ORDOÑEZ LAYLA DENISSE', 4, 'PALACIOS ORDONEZ LAYLA DENISSE');                     
 INSERT INTO alumnos (id, nombre, grupo_id, friendlyName) VALUES (135, 'PEÑA FERREYRA CYNTHIA', 4, 'PENA FERREYRA CYNTHIA');                                       
 INSERT INTO alumnos (id, nombre, grupo_id, friendlyName) VALUES (136, 'PEÑA YASSI ANA YANZI', 4, 'PENA YASSI ANA YANZI');                                         
 INSERT INTO alumnos (id, nombre, grupo_id, friendlyName) VALUES (137, 'PEREZ MEJIA KARLA', 4, 'PEREZ MEJIA KARLA');                                               
 INSERT INTO alumnos (id, nombre, grupo_id, friendlyName) VALUES (138, 'PINEDA MEJIA ESMERALDA', 4, 'PINEDA MEJIA ESMERALDA');                                     
 INSERT INTO alumnos (id, nombre, grupo_id, friendlyName) VALUES (139, 'PUENTES CRUZ JOSE EDUARDO', 4, 'PUENTES CRUZ JOSE EDUARDO');                               
 INSERT INTO alumnos (id, nombre, grupo_id, friendlyName) VALUES (140, 'RAMIREZ MIRANDA MARY CARMEN', 4, 'RAMIREZ MIRANDA MARY CARMEN');                           
 INSERT INTO alumnos (id, nombre, grupo_id, friendlyName) VALUES (141, 'SALAZAR FERREYRA ERIKA', 4, 'SALAZAR FERREYRA ERIKA');                                     
 INSERT INTO alumnos (id, nombre, grupo_id, friendlyName) VALUES (142, 'SANCHEZ  REYES NANCY', 4, 'SANCHEZ  REYES NANCY');                                         
 INSERT INTO alumnos (id, nombre, grupo_id, friendlyName) VALUES (143, 'VALADEZ SANTANA NADIA NAHOMI', 4, 'VALADEZ SANTANA NADIA NAHOMI');                         
 INSERT INTO alumnos (id, nombre, grupo_id, friendlyName) VALUES (144, 'VEGA SALINAS ISAI', 4, 'VEGA SALINAS ISAI');                                               
 INSERT INTO alumnos (id, nombre, grupo_id, friendlyName) VALUES (145, 'ANGELES VICTORIA REBECCA', 4, 'ANGELES VICTORIA REBECCA');                                 
 INSERT INTO alumnos (id, nombre, grupo_id, friendlyName) VALUES (146, 'ARIAS ZACARIAS YARETCI JOSELIN', 4, 'ARIAS ZACARIAS YARETCI JOSELIN');                     
 INSERT INTO alumnos (id, nombre, grupo_id, friendlyName) VALUES (147, 'BLAS FERREYRA ALEXIS', 4, 'BLAS FERREYRA ALEXIS');                                         
 INSERT INTO alumnos (id, nombre, grupo_id, friendlyName) VALUES (148, 'CERVANTES GONZALEZ ESTRELLA', 4, 'CERVANTES GONZALEZ ESTRELLA');                           
 INSERT INTO alumnos (id, nombre, grupo_id, friendlyName) VALUES (149, 'CHAVARRIA RAMIREZ ANDREA', 4, 'CHAVARRIA RAMIREZ ANDREA');                                 
 INSERT INTO alumnos (id, nombre, grupo_id, friendlyName) VALUES (150, 'COLIN BAUTISTA ADOLFO JAVIER', 4, 'COLIN BAUTISTA ADOLFO JAVIER');                         
 INSERT INTO alumnos (id, nombre, grupo_id, friendlyName) VALUES (151, 'GALINDO GARCIA VANESSA', 4, 'GALINDO GARCIA VANESSA');                                     
 INSERT INTO alumnos (id, nombre, grupo_id, friendlyName) VALUES (152, 'GARCIA JASSO MONICA JOHANA', 4, 'GARCIA JASSO MONICA JOHANA');                             
 INSERT INTO alumnos (id, nombre, grupo_id, friendlyName) VALUES (153, 'GARCIA MORENO SOL ANDREA', 4, 'GARCIA MORENO SOL ANDREA');                                 
 INSERT INTO alumnos (id, nombre, grupo_id, friendlyName) VALUES (154, 'GARCIA TERAN MARIANA', 4, 'GARCIA TERAN MARIANA');                                         
 INSERT INTO alumnos (id, nombre, grupo_id, friendlyName) VALUES (155, 'GONZÁLEZ MARTÍNEZ SAÚL SANTIAGO TRANSITO', 4, 'GONZALEZ MARTINEZ SAUL SANTIAGO TRANSITO'); 
 INSERT INTO alumnos (id, nombre, grupo_id, friendlyName) VALUES (156, 'HERNANDEZ MEZA LEONARDO', 4, 'HERNANDEZ MEZA LEONARDO');                                   
 INSERT INTO alumnos (id, nombre, grupo_id, friendlyName) VALUES (157, 'JOVELLANO ARMAS DANA YURIDIA', 4, 'JOVELLANO ARMAS DANA YURIDIA');                         
 INSERT INTO alumnos (id, nombre, grupo_id, friendlyName) VALUES (158, 'MARTÍNEZ ALONZO DAVID', 4, 'MARTINEZ ALONZO DAVID');                                       
 INSERT INTO alumnos (id, nombre, grupo_id, friendlyName) VALUES (159, 'MOLINA ALCANTARA JESSICA', 4, 'MOLINA ALCANTARA JESSICA');                                 
 INSERT INTO alumnos (id, nombre, grupo_id, friendlyName) VALUES (160, 'NAVA RICARDO ALONDRA', 4, 'NAVA RICARDO ALONDRA');                                         
 INSERT INTO alumnos (id, nombre, grupo_id, friendlyName) VALUES (161, 'NOLASCO ROJAS DIANA PAOLA', 4, 'NOLASCO ROJAS DIANA PAOLA');                               
 INSERT INTO alumnos (id, nombre, grupo_id, friendlyName) VALUES (162, 'NOYOLA VEGA ALEXA MICHELLE', 4, 'NOYOLA VEGA ALEXA MICHELLE');                             
 INSERT INTO alumnos (id, nombre, grupo_id, friendlyName) VALUES (163, 'ORTIZ CEBALLOS DIANA', 4, 'ORTIZ CEBALLOS DIANA');                                         
 INSERT INTO alumnos (id, nombre, grupo_id, friendlyName) VALUES (164, 'OSNAYA GALINDO FABIOLA AMELLALLI', 4, 'OSNAYA GALINDO FABIOLA AMELLALLI');                 
 INSERT INTO alumnos (id, nombre, grupo_id, friendlyName) VALUES (165, 'PICHARDO NAVARRETE ANAHI', 4, 'PICHARDO NAVARRETE ANAHI');                                 
 INSERT INTO alumnos (id, nombre, grupo_id, friendlyName) VALUES (166, 'PLIEGO RICARDO VALERIA JHOJANNI', 4, 'PLIEGO RICARDO VALERIA JHOJANNI');                   
 INSERT INTO alumnos (id, nombre, grupo_id, friendlyName) VALUES (167, 'RODRIGUEZ OLVERA LAURA ELIZABETH', 4, 'RODRIGUEZ OLVERA LAURA ELIZABETH');                 
 INSERT INTO alumnos (id, nombre, grupo_id, friendlyName) VALUES (168, 'ROMERO REZA EVELIN YULISA', 4, 'ROMERO REZA EVELIN YULISA');                               
 INSERT INTO alumnos (id, nombre, grupo_id, friendlyName) VALUES (169, 'SALAS MORALES AMAIRANY', 4, 'SALAS MORALES AMAIRANY');                                     
 INSERT INTO alumnos (id, nombre, grupo_id, friendlyName) VALUES (170, 'SALAZAR ISAAC LUIS ANGEL', 4, 'SALAZAR ISAAC LUIS ANGEL');                                 
 INSERT INTO alumnos (id, nombre, grupo_id, friendlyName) VALUES (171, 'SAMANIEGO GALVAN GERARDO GAEL', 4, 'SAMANIEGO GALVAN GERARDO GAEL');                       
 INSERT INTO alumnos (id, nombre, grupo_id, friendlyName) VALUES (172, 'SANCHEZ JUAREZ CAROLINA', 4, 'SANCHEZ JUAREZ CAROLINA');                                   
 INSERT INTO alumnos (id, nombre, grupo_id, friendlyName) VALUES (173, 'SANCHEZ ORTIZ YERAY', 4, 'SANCHEZ ORTIZ YERAY');                                           
 INSERT INTO alumnos (id, nombre, grupo_id, friendlyName) VALUES (174, 'VEGA ORTIZ DIEGO GAMALIEL', 4, 'VEGA ORTIZ DIEGO GAMALIEL');                               
 INSERT INTO alumnos (id, nombre, grupo_id, friendlyName) VALUES (175, 'AVELINO HERNANDEZ MARELI', 6, 'AVELINO HERNANDEZ MARELI');                                 
 INSERT INTO alumnos (id, nombre, grupo_id, friendlyName) VALUES (176, 'CAMPOS NIETO GERARDO', 6, 'CAMPOS NIETO GERARDO');                                         
 INSERT INTO alumnos (id, nombre, grupo_id, friendlyName) VALUES (177, 'CARMONA CEBALLOS MELISA MONTSERRAT', 6, 'CARMONA CEBALLOS MELISA MONTSERRAT');             
 INSERT INTO alumnos (id, nombre, grupo_id, friendlyName) VALUES (178, 'CERON GONZALEZ JESUS', 6, 'CERON GONZALEZ JESUS');                                         
 INSERT INTO alumnos (id, nombre, grupo_id, friendlyName) VALUES (179, 'CUEVAS MOLINA DANIELA', 6, 'CUEVAS MOLINA DANIELA');                                       
 INSERT INTO alumnos (id, nombre, grupo_id, friendlyName) VALUES (180, 'DIAZ RAMIREZ MARIA FERNANDA', 6, 'DIAZ RAMIREZ MARIA FERNANDA');                           
 INSERT INTO alumnos (id, nombre, grupo_id, friendlyName) VALUES (181, 'DIAZ ROSAS CITLALI SARAY', 6, 'DIAZ ROSAS CITLALI SARAY');                                 
 INSERT INTO alumnos (id, nombre, grupo_id, friendlyName) VALUES (182, 'FUENTES MONROY ABIGAIL', 6, 'FUENTES MONROY ABIGAIL');                                     
 INSERT INTO alumnos (id, nombre, grupo_id, friendlyName) VALUES (183, 'GALINDO DIAZ JESUS', 6, 'GALINDO DIAZ JESUS');                                             
 INSERT INTO alumnos (id, nombre, grupo_id, friendlyName) VALUES (184, 'GARCIA RODRIGUEZ  JOEL', 6, 'GARCIA RODRIGUEZ  JOEL');                                     
 INSERT INTO alumnos (id, nombre, grupo_id, friendlyName) VALUES (185, 'GOMORA PACHECO ADILENE JAQUELINE', 6, 'GOMORA PACHECO ADILENE JAQUELINE');                 
 INSERT INTO alumnos (id, nombre, grupo_id, friendlyName) VALUES (186, 'GONZALEZ GALINDO MELANIE', 6, 'GONZALEZ GALINDO MELANIE');                                 
 INSERT INTO alumnos (id, nombre, grupo_id, friendlyName) VALUES (187, 'GUERRERO GONZALEZ WENDY GISELLE', 6, 'GUERRERO GONZALEZ WENDY GISELLE');                   
 INSERT INTO alumnos (id, nombre, grupo_id, friendlyName) VALUES (188, 'HERNANDEZ AGUILAR JONATHAN', 6, 'HERNANDEZ AGUILAR JONATHAN');                             
 INSERT INTO alumnos (id, nombre, grupo_id, friendlyName) VALUES (189, 'HERNANDEZ HERNANDEZ ALEXA  FERNANDA', 6, 'HERNANDEZ HERNANDEZ ALEXA  FERNANDA');           
 INSERT INTO alumnos (id, nombre, grupo_id, friendlyName) VALUES (190, 'MARTINEZ PALACIOS JUAN CARLOS', 6, 'MARTINEZ PALACIOS JUAN CARLOS');                       
 INSERT INTO alumnos (id, nombre, grupo_id, friendlyName) VALUES (191, 'MENDOZA ORTIZ MARIANA ESTEFANIA', 6, 'MENDOZA ORTIZ MARIANA ESTEFANIA');                   
 INSERT INTO alumnos (id, nombre, grupo_id, friendlyName) VALUES (192, 'MONJARDIN CEDILLO DULCE PAOLA', 6, 'MONJARDIN CEDILLO DULCE PAOLA');                       
 INSERT INTO alumnos (id, nombre, grupo_id, friendlyName) VALUES (193, 'MONJARDIN FERREYRA KEVIN NAVIDAD', 6, 'MONJARDIN FERREYRA KEVIN NAVIDAD');                 
 INSERT INTO alumnos (id, nombre, grupo_id, friendlyName) VALUES (194, 'NEPOMUCENO BALDOMERO RAUL KEVIN', 6, 'NEPOMUCENO BALDOMERO RAUL KEVIN');                   
 INSERT INTO alumnos (id, nombre, grupo_id, friendlyName) VALUES (195, 'PACHECO DOROTEO JOSÉ LUIS', 6, 'PACHECO DOROTEO JOSE LUIS');                               
 INSERT INTO alumnos (id, nombre, grupo_id, friendlyName) VALUES (196, 'PUENTES CEBALLOS ANGEL ALEJANDRO', 6, 'PUENTES CEBALLOS ANGEL ALEJANDRO');                 
 INSERT INTO alumnos (id, nombre, grupo_id, friendlyName) VALUES (197, 'RAYMUNDO QUIROZ DAIRA AYELEN', 6, 'RAYMUNDO QUIROZ DAIRA AYELEN');                         
 INSERT INTO alumnos (id, nombre, grupo_id, friendlyName) VALUES (198, 'RICO TORREALVA ALEJANDRO', 6, 'RICO TORREALVA ALEJANDRO');                                 
 INSERT INTO alumnos (id, nombre, grupo_id, friendlyName) VALUES (199, 'RIOS GONZALEZ BERENICE', 6, 'RIOS GONZALEZ BERENICE');                                     
 INSERT INTO alumnos (id, nombre, grupo_id, friendlyName) VALUES (200, 'SAMANO JUAREZ MOCTEZUMA', 6, 'SAMANO JUAREZ MOCTEZUMA');                                   
 INSERT INTO alumnos (id, nombre, grupo_id, friendlyName) VALUES (201, 'SANABRIA BALCAZAR CANDY YANETH', 6, 'SANABRIA BALCAZAR CANDY YANETH');                     
 INSERT INTO alumnos (id, nombre, grupo_id, friendlyName) VALUES (202, 'VILLA MORALES ANALI', 6, 'VILLA MORALES ANALI');                                           
 INSERT INTO alumnos (id, nombre, grupo_id, friendlyName) VALUES (203, 'BECERRA DAVILA ANGEL JESUS', 6, 'BECERRA DAVILA ANGEL JESUS');                             
 INSERT INTO alumnos (id, nombre, grupo_id, friendlyName) VALUES (204, 'BUSTAMANTE DIAZ BRISA CORAL', 6, 'BUSTAMANTE DIAZ BRISA CORAL');                           
 INSERT INTO alumnos (id, nombre, grupo_id, friendlyName) VALUES (205, 'CAMPOS VELEZ ANA KAREN', 6, 'CAMPOS VELEZ ANA KAREN');                                     
 INSERT INTO alumnos (id, nombre, grupo_id, friendlyName) VALUES (206, 'CARRIZAL HERNANDEZ JESUS', 6, 'CARRIZAL HERNANDEZ JESUS');                                 
 INSERT INTO alumnos (id, nombre, grupo_id, friendlyName) VALUES (207, 'CEBALLOS ESPINOSA ALEXIS MAXIMILIANO', 6, 'CEBALLOS ESPINOSA ALEXIS MAXIMILIANO');         
 INSERT INTO alumnos (id, nombre, grupo_id, friendlyName) VALUES (208, 'DAVILA NUÑEZ LUIS ALBERTO', 6, 'DAVILA NUNEZ LUIS ALBERTO');                               
 INSERT INTO alumnos (id, nombre, grupo_id, friendlyName) VALUES (210, 'ESTRADA RAMIREZ MONICA', 6, 'ESTRADA RAMIREZ MONICA');                                     
 INSERT INTO alumnos (id, nombre, grupo_id, friendlyName) VALUES (211, 'FLORES VALDIN MONSERRAT  SHAYDELIN', 6, 'FLORES VALDIN MONSERRAT  SHAYDELIN');             
 INSERT INTO alumnos (id, nombre, grupo_id, friendlyName) VALUES (212, 'GALINDO RODRIGUEZ JOEL DAVID', 6, 'GALINDO RODRIGUEZ JOEL DAVID');                         
 INSERT INTO alumnos (id, nombre, grupo_id, friendlyName) VALUES (213, 'JUAREZ CUEVAS ALEXANDER JAEL', 6, 'JUAREZ CUEVAS ALEXANDER JAEL');                         
 INSERT INTO alumnos (id, nombre, grupo_id, friendlyName) VALUES (214, 'LAUDINO PEÑA AVRIL', 6, 'LAUDINO PENA AVRIL');                                             
 INSERT INTO alumnos (id, nombre, grupo_id, friendlyName) VALUES (215, 'LUCAS PUENTES ALEXANDER EMILIANO', 6, 'LUCAS PUENTES ALEXANDER EMILIANO');                 
 INSERT INTO alumnos (id, nombre, grupo_id, friendlyName) VALUES (216, 'MANCILLA SEGURA MARICRUZ TRANSITO', 6, 'MANCILLA SEGURA MARICRUZ TRANSITO');             
 INSERT INTO alumnos (id, nombre, grupo_id, friendlyName) VALUES (217, 'MARES JUÁREZ FÁTIMA MABEL', 6, 'MARES JUAREZ FATIMA MABEL');                               
 INSERT INTO alumnos (id, nombre, grupo_id, friendlyName) VALUES (218, 'MORALES FLORENTINO ANEL VIOLETA', 6, 'MORALES FLORENTINO ANEL VIOLETA');                   
 INSERT INTO alumnos (id, nombre, grupo_id, friendlyName) VALUES (219, 'MORALES SALAZAR LISBETH', 6, 'MORALES SALAZAR LISBETH');                                   
 INSERT INTO alumnos (id, nombre, grupo_id, friendlyName) VALUES (220, 'OLIVARES FLORES DAVID YAIR', 6, 'OLIVARES FLORES DAVID YAIR');                             
 INSERT INTO alumnos (id, nombre, grupo_id, friendlyName) VALUES (221, 'ORTIZ CRUZ LEONARDO', 6, 'ORTIZ CRUZ LEONARDO');                                           
 INSERT INTO alumnos (id, nombre, grupo_id, friendlyName) VALUES (222, 'PATIÑO GONZALEZ INGRID ANAHI', 6, 'PATINO GONZALEZ INGRID ANAHI');                         
 INSERT INTO alumnos (id, nombre, grupo_id, friendlyName) VALUES (223, 'QUIROZ RIOS PAULINA WHIHELMY', 6, 'QUIROZ RIOS PAULINA WHIHELMY');                         
 INSERT INTO alumnos (id, nombre, grupo_id, friendlyName) VALUES (224, 'REZA ARAGON IVON', 6, 'REZA ARAGON IVON');                                                 
 INSERT INTO alumnos (id, nombre, grupo_id, friendlyName) VALUES (225, 'SALAS BARRIOS ALEXANDER', 6, 'SALAS BARRIOS ALEXANDER');                                   
 INSERT INTO alumnos (id, nombre, grupo_id, friendlyName) VALUES (226, 'SALCEDO MOLINA JAQUELIN', 6, 'SALCEDO MOLINA JAQUELIN');                                   
 INSERT INTO alumnos (id, nombre, grupo_id, friendlyName) VALUES (227, 'SANTOS ROCHA ALEXIS', 6, 'SANTOS ROCHA ALEXIS');                                           
 INSERT INTO alumnos (id, nombre, grupo_id, friendlyName) VALUES (228, 'VARA ROSALIO EMANUEL ALEJANDRO', 6, 'VARA ROSALIO EMANUEL ALEJANDRO');                     
 INSERT INTO alumnos (id, nombre, grupo_id, friendlyName) VALUES (229, 'VEGA SALINAS KENYA', 6, 'VEGA SALINAS KENYA');                                             
 INSERT INTO alumnos (id, nombre, grupo_id, friendlyName) VALUES (230, 'ARROYO HINOJOSA AARON', 6, 'ARROYO HINOJOSA AARON');                                       
 INSERT INTO alumnos (id, nombre, grupo_id, friendlyName) VALUES (231, 'CAMACHO PEREZ ELIZABETH', 6, 'CAMACHO PEREZ ELIZABETH');                                   
 INSERT INTO alumnos (id, nombre, grupo_id, friendlyName) VALUES (232, 'CARPENA REYES JOSE MARIA', 6, 'CARPENA REYES JOSE MARIA');                                 
 INSERT INTO alumnos (id, nombre, grupo_id, friendlyName) VALUES (233, 'CEDILLO COROY PERLA', 6, 'CEDILLO COROY PERLA');                                           
 INSERT INTO alumnos (id, nombre, grupo_id, friendlyName) VALUES (234, 'DIAZ ARAGON MARIANA', 6, 'DIAZ ARAGON MARIANA');                                           
 INSERT INTO alumnos (id, nombre, grupo_id, friendlyName) VALUES (235, 'DIAZ MONROY ADRIANA', 6, 'DIAZ MONROY ADRIANA');                                           
 INSERT INTO alumnos (id, nombre, grupo_id, friendlyName) VALUES (236, 'FERREYRA HERNANDEZ NOEMI', 6, 'FERREYRA HERNANDEZ NOEMI');                                 
 INSERT INTO alumnos (id, nombre, grupo_id, friendlyName) VALUES (237, 'GALINDO RODRIGUEZ OSIRIS MICHELLE', 6, 'GALINDO RODRIGUEZ OSIRIS MICHELLE');               
 INSERT INTO alumnos (id, nombre, grupo_id, friendlyName) VALUES (238, 'GARCIA MARTINEZ MITZI RUBY', 6, 'GARCIA MARTINEZ MITZI RUBY');                             
 INSERT INTO alumnos (id, nombre, grupo_id, friendlyName) VALUES (239, 'GARDUÑO MERCADO YULENI ITZEL', 6, 'GARDUNO MERCADO YULENI ITZEL');                         
 INSERT INTO alumnos (id, nombre, grupo_id, friendlyName) VALUES (240, 'GARDUÑO REZA MARIA FERNANDA', 6, 'GARDUNO REZA MARIA FERNANDA');                           
 INSERT INTO alumnos (id, nombre, grupo_id, friendlyName) VALUES (241, 'GOMORA GARCIA YAEL VALENTE', 6, 'GOMORA GARCIA YAEL VALENTE');                             
 INSERT INTO alumnos (id, nombre, grupo_id, friendlyName) VALUES (242, 'GUERRERO ISAAC LEONEL', 6, 'GUERRERO ISAAC LEONEL');                                       
 INSERT INTO alumnos (id, nombre, grupo_id, friendlyName) VALUES (243, 'JUAREZ CEDILLO RODRIGO', 6, 'JUAREZ CEDILLO RODRIGO');                                     
 INSERT INTO alumnos (id, nombre, grupo_id, friendlyName) VALUES (244, 'MEZA RODRIGUEZ DANA PAOLA', 6, 'MEZA RODRIGUEZ DANA PAOLA');                               
 INSERT INTO alumnos (id, nombre, grupo_id, friendlyName) VALUES (245, 'MONJARDIN HERNANDEZ  RICARDO', 6, 'MONJARDIN HERNANDEZ  RICARDO');                         
 INSERT INTO alumnos (id, nombre, grupo_id, friendlyName) VALUES (246, 'MONTIEL SUAREZ XIMENA AIDE', 6, 'MONTIEL SUAREZ XIMENA AIDE');                             
 INSERT INTO alumnos (id, nombre, grupo_id, friendlyName) VALUES (247, 'NORIA SAMANO DAVID', 6, 'NORIA SAMANO DAVID');                                             
 INSERT INTO alumnos (id, nombre, grupo_id, friendlyName) VALUES (248, 'ORTIZ MONJARDIN PILAR', 6, 'ORTIZ MONJARDIN PILAR');                                       
 INSERT INTO alumnos (id, nombre, grupo_id, friendlyName) VALUES (249, 'PEREZ ORTEGA YAHIR ALEJANDRO', 6, 'PEREZ ORTEGA YAHIR ALEJANDRO');                         
 INSERT INTO alumnos (id, nombre, grupo_id, friendlyName) VALUES (250, 'REYNOSO MOLINA LESLI', 6, 'REYNOSO MOLINA LESLI');                                         
 INSERT INTO alumnos (id, nombre, grupo_id, friendlyName) VALUES (251, 'REZA ARAGON IBETH', 6, 'REZA ARAGON IBETH');                                               
 INSERT INTO alumnos (id, nombre, grupo_id, friendlyName) VALUES (252, 'ROCHA PALACIOS BRUNO', 6, 'ROCHA PALACIOS BRUNO');                                         
 INSERT INTO alumnos (id, nombre, grupo_id, friendlyName) VALUES (253, 'SALAZAR FERREYRA CRISTIAN', 6, 'SALAZAR FERREYRA CRISTIAN');                               
 INSERT INTO alumnos (id, nombre, grupo_id, friendlyName) VALUES (254, 'SANCHEZ JUAREZ MARIANA', 6, 'SANCHEZ JUAREZ MARIANA');                                     
 INSERT INTO alumnos (id, nombre, grupo_id, friendlyName) VALUES (255, 'TREVIÑO GONZALEZ MARIA FERNANDA', 6, 'TREVINO GONZALEZ MARIA FERNANDA');                   
 INSERT INTO alumnos (id, nombre, grupo_id, friendlyName) VALUES (256, 'VARA GARCIA GAEL', 6, 'VARA GARCIA GAEL');                                                 
 INSERT INTO alumnos (id, nombre, grupo_id, friendlyName) VALUES (257, 'VARA ORTIZ DANIELA ISABELA', 6, 'VARA ORTIZ DANIELA ISABELA');                             
 INSERT INTO alumnos (id, nombre, grupo_id, friendlyName) VALUES (1, 'AGUILAR NEGRETE YANELI IVONNE', 2, 'AGUILAR NEGRETE YANELI IVONNE');                         
 INSERT INTO alumnos (id, nombre, grupo_id, friendlyName) VALUES (209, 'DIAZ REYES JUAN PABLO', 6, 'DIAZ REYES JUAN PABLO');                                       
 
 INSERT INTO asistencias (id, alumno_id, fecha, hora, presente) VALUES (1, 123, '2025-04-06', '08:30:00', 1);    
 INSERT INTO asistencias (id, alumno_id, fecha, hora, presente) VALUES (2, 51, '2025-04-06', '08:32:15', 1);     
 INSERT INTO asistencias (id, alumno_id, fecha, hora, presente) VALUES (3, 4, '2025-04-06', '08:35:22', 1);      
 INSERT INTO asistencias (id, alumno_id, fecha, hora, presente) VALUES (4, 1, '2025-04-06', '08:28:45', 1);      
 INSERT INTO asistencias (id, alumno_id, fecha, hora, presente) VALUES (5, 129, '2025-04-06', '08:40:12', 1);    
 INSERT INTO asistencias (id, alumno_id, fecha, presente) VALUES (6, 67, '2025-04-07', 1);     
 INSERT INTO asistencias (id, alumno_id, fecha, presente) VALUES (9, 1, '2025-04-07', 1);      
 INSERT INTO asistencias (id, alumno_id, fecha, presente) VALUES (11, 6, '2025-04-13', 1);     
 INSERT INTO asistencias (id, alumno_id, fecha, presente) VALUES (15, 1, '2025-05-01', 1);     
 INSERT INTO asistencias (id, alumno_id, fecha, presente) VALUES (16, 1, '2025-05-04', 1);     
 INSERT INTO asistencias (id, alumno_id, fecha, presente) VALUES (17, 61, '2025-05-04', 1);    
 INSERT INTO asistencias (id, alumno_id, fecha, presente) VALUES (2599, 209, '2025-05-06', 1); 
 INSERT INTO asistencias (id, alumno_id, fecha, presente) VALUES (2610, 2, '2025-05-06', 1);   
 INSERT INTO asistencias (id, alumno_id, fecha, presente) VALUES (20, 60, '2025-05-04', 1);    
 INSERT INTO asistencias (id, alumno_id, fecha, presente) VALUES (2611, 20, '2025-05-06', 1);  
 INSERT INTO asistencias (id, alumno_id, fecha, presente) VALUES (2612, 10, '2025-05-06', 1);  
 INSERT INTO asistencias (id, alumno_id, fecha, presente) VALUES (2613, 9, '2025-05-06', 1);   
 INSERT INTO asistencias (id, alumno_id, fecha, presente) VALUES (2614, 1, '2025-05-06', 1);   
 INSERT INTO asistencias (id, alumno_id, fecha, presente) VALUES (2615, 13, '2025-05-06', 1);  
 INSERT INTO asistencias (id, alumno_id, fecha, presente) VALUES (2616, 23, '2025-05-06', 1);  
 INSERT INTO asistencias (id, alumno_id, fecha, presente) VALUES (2618, 30, '2025-05-06', 1);  
 INSERT INTO asistencias (id, alumno_id, fecha, presente) VALUES (30, 1, '2025-04-13', 1);     
 INSERT INTO asistencias (id, alumno_id, fecha, presente) VALUES (31, 1, '2025-04-15', 1);     
 INSERT INTO asistencias (id, alumno_id, fecha, presente) VALUES (32, 1, '2025-04-29', 1);     
 INSERT INTO asistencias (id, alumno_id, fecha, presente) VALUES (33, 1, '2025-04-30', 1);     
 INSERT INTO asistencias (id, alumno_id, fecha, presente) VALUES (34, 1, '2025-03-09', 1);     
 INSERT INTO asistencias (id, alumno_id, fecha, presente) VALUES (35, 1, '2025-04-18', 1);     
 INSERT INTO asistencias (id, alumno_id, fecha, presente) VALUES (36, 1, '2025-03-12', 1);     
 INSERT INTO asistencias (id, alumno_id, fecha, presente) VALUES (37, 1, '2025-03-28', 1);     
 INSERT INTO asistencias (id, alumno_id, fecha, presente) VALUES (38, 1, '2025-03-05', 1);     
 INSERT INTO asistencias (id, alumno_id, fecha, presente) VALUES (39, 2, '2025-03-31', 1);     
 INSERT INTO asistencias (id, alumno_id, fecha, presente) VALUES (40, 2, '2025-04-22', 1);     
 INSERT INTO asistencias (id, alumno_id, fecha, presente) VALUES (41, 2, '2025-03-13', 1);     
 INSERT INTO asistencias (id, alumno_id, fecha, presente) VALUES (42, 2, '2025-04-04', 1);     
 INSERT INTO asistencias (id, alumno_id, fecha, presente) VALUES (43, 2, '2025-03-18', 1);     
 INSERT INTO asistencias (id, alumno_id, fecha, presente) VALUES (44, 2, '2025-03-01', 1);     
 INSERT INTO asistencias (id, alumno_id, fecha, presente) VALUES (45, 2, '2025-03-29', 1);     
 INSERT INTO asistencias (id, alumno_id, fecha, presente) VALUES (46, 2, '2025-04-21', 1);     
 INSERT INTO asistencias (id, alumno_id, fecha, presente) VALUES (47, 2, '2025-04-02', 1);     
 INSERT INTO asistencias (id, alumno_id, fecha, presente) VALUES (48, 2, '2025-04-15', 1);     
 INSERT INTO asistencias (id, alumno_id, fecha, presente) VALUES (49, 3, '2025-03-28', 1);     
 INSERT INTO asistencias (id, alumno_id, fecha, presente) VALUES (50, 3, '2025-03-30', 1);     
 INSERT INTO asistencias (id, alumno_id, fecha, presente) VALUES (51, 3, '2025-03-09', 1);     
 INSERT INTO asistencias (id, alumno_id, fecha, presente) VALUES (52, 3, '2025-03-31', 1);     
 INSERT INTO asistencias (id, alumno_id, fecha, presente) VALUES (53, 3, '2025-03-22', 1);     
 INSERT INTO asistencias (id, alumno_id, fecha, presente) VALUES (54, 3, '2025-03-26', 1);     
 INSERT INTO asistencias (id, alumno_id, fecha, presente) VALUES (55, 3, '2025-04-24', 1);     
 INSERT INTO asistencias (id, alumno_id, fecha, presente) VALUES (56, 3, '2025-03-11', 1);     
 INSERT INTO asistencias (id, alumno_id, fecha, presente) VALUES (57, 3, '2025-04-30', 1);     
 INSERT INTO asistencias (id, alumno_id, fecha, presente) VALUES (58, 3, '2025-04-20', 1);     
 INSERT INTO asistencias (id, alumno_id, fecha, presente) VALUES (59, 4, '2025-03-11', 1);     
 INSERT INTO asistencias (id, alumno_id, fecha, presente) VALUES (60, 4, '2025-04-18', 1);     
 INSERT INTO asistencias (id, alumno_id, fecha, presente) VALUES (63, 4, '2025-03-17', 1);     
 INSERT INTO asistencias (id, alumno_id, fecha, presente) VALUES (64, 4, '2025-04-16', 1);     
 INSERT INTO asistencias (id, alumno_id, fecha, presente) VALUES (65, 4, '2025-03-13', 1);     
 INSERT INTO asistencias (id, alumno_id, fecha, presente) VALUES (66, 4, '2025-04-22', 1);     
 INSERT INTO asistencias (id, alumno_id, fecha, presente) VALUES (67, 4, '2025-03-28', 1);     
 INSERT INTO asistencias (id, alumno_id, fecha, presente) VALUES (68, 4, '2025-03-02', 1);     
 INSERT INTO asistencias (id, alumno_id, fecha, presente) VALUES (69, 5, '2025-03-08', 1);     
 INSERT INTO asistencias (id, alumno_id, fecha, presente) VALUES (70, 5, '2025-03-31', 1);     
 INSERT INTO asistencias (id, alumno_id, fecha, presente) VALUES (71, 5, '2025-04-05', 1);     
 INSERT INTO asistencias (id, alumno_id, fecha, presente) VALUES (72, 5, '2025-04-14', 1);     
 INSERT INTO asistencias (id, alumno_id, fecha, presente) VALUES (73, 5, '2025-03-18', 1);     
 INSERT INTO asistencias (id, alumno_id, fecha, presente) VALUES (75, 5, '2025-04-01', 1);     
 INSERT INTO asistencias (id, alumno_id, fecha, presente) VALUES (76, 5, '2025-03-05', 1);     
 INSERT INTO asistencias (id, alumno_id, fecha, presente) VALUES (77, 5, '2025-04-11', 1);     
 INSERT INTO asistencias (id, alumno_id, fecha, presente) VALUES (78, 5, '2025-04-29', 1);     
 INSERT INTO asistencias (id, alumno_id, fecha, presente) VALUES (79, 6, '2025-04-28', 1);     
 INSERT INTO asistencias (id, alumno_id, fecha, presente) VALUES (80, 6, '2025-04-26', 1);     
 INSERT INTO asistencias (id, alumno_id, fecha, presente) VALUES (81, 6, '2025-03-14', 1);     
 INSERT INTO asistencias (id, alumno_id, fecha, presente) VALUES (82, 6, '2025-03-07', 1);     
 INSERT INTO asistencias (id, alumno_id, fecha, presente) VALUES (83, 6, '2025-03-10', 1);     
 INSERT INTO asistencias (id, alumno_id, fecha, presente) VALUES (84, 6, '2025-04-14', 1);     
 INSERT INTO asistencias (id, alumno_id, fecha, presente) VALUES (86, 6, '2025-04-02', 1);     
 INSERT INTO asistencias (id, alumno_id, fecha, presente) VALUES (88, 6, '2025-04-18', 1);     
 INSERT INTO asistencias (id, alumno_id, fecha, presente) VALUES (89, 7, '2025-04-12', 1);     
 INSERT INTO asistencias (id, alumno_id, fecha, presente) VALUES (90, 7, '2025-04-15', 1);     
 INSERT INTO asistencias (id, alumno_id, fecha, presente) VALUES (91, 7, '2025-03-04', 1);     
 INSERT INTO asistencias (id, alumno_id, fecha, presente) VALUES (92, 7, '2025-03-11', 1);     
 INSERT INTO asistencias (id, alumno_id, fecha, presente) VALUES (93, 7, '2025-04-13', 1);     
 INSERT INTO asistencias (id, alumno_id, fecha, presente) VALUES (94, 7, '2025-04-17', 1);     
 INSERT INTO asistencias (id, alumno_id, fecha, presente) VALUES (95, 7, '2025-04-02', 1);     
 INSERT INTO asistencias (id, alumno_id, fecha, presente) VALUES (96, 7, '2025-03-30', 1);     
 INSERT INTO asistencias (id, alumno_id, fecha, presente) VALUES (97, 7, '2025-04-08', 1);     
 INSERT INTO asistencias (id, alumno_id, fecha, presente) VALUES (98, 7, '2025-04-11', 1);     
 INSERT INTO asistencias (id, alumno_id, fecha, presente) VALUES (99, 8, '2025-03-06', 1);     
 INSERT INTO asistencias (id, alumno_id, fecha, presente) VALUES (100, 8, '2025-03-29', 1);    
 INSERT INTO asistencias (id, alumno_id, fecha, presente) VALUES (101, 8, '2025-03-16', 1);    
 INSERT INTO asistencias (id, alumno_id, fecha, presente) VALUES (102, 8, '2025-03-12', 1);    
 INSERT INTO asistencias (id, alumno_id, fecha, presente) VALUES (104, 8, '2025-03-19', 1);    
 INSERT INTO asistencias (id, alumno_id, fecha, presente) VALUES (105, 8, '2025-04-02', 1);    
 INSERT INTO asistencias (id, alumno_id, fecha, presente) VALUES (106, 8, '2025-04-14', 1);    
 INSERT INTO asistencias (id, alumno_id, fecha, presente) VALUES (107, 8, '2025-03-04', 1);    
 INSERT INTO asistencias (id, alumno_id, fecha, presente) VALUES (108, 8, '2025-04-22', 1);    
 INSERT INTO asistencias (id, alumno_id, fecha, presente) VALUES (109, 9, '2025-04-11', 1);    
 INSERT INTO asistencias (id, alumno_id, fecha, presente) VALUES (110, 9, '2025-03-14', 1);    
 INSERT INTO asistencias (id, alumno_id, fecha, presente) VALUES (111, 9, '2025-04-01', 1);    
 INSERT INTO asistencias (id, alumno_id, fecha, presente) VALUES (112, 9, '2025-04-12', 1);    
 INSERT INTO asistencias (id, alumno_id, fecha, presente) VALUES (113, 9, '2025-04-26', 1);    
 INSERT INTO asistencias (id, alumno_id, fecha, presente) VALUES (114, 9, '2025-03-05', 1);    
 INSERT INTO asistencias (id, alumno_id, fecha, presente) VALUES (115, 9, '2025-03-06', 1);    
 INSERT INTO asistencias (id, alumno_id, fecha, presente) VALUES (116, 9, '2025-03-20', 1);    
 INSERT INTO asistencias (id, alumno_id, fecha, presente) VALUES (118, 9, '2025-04-24', 1);    
 INSERT INTO asistencias (id, alumno_id, fecha, presente) VALUES (119, 10, '2025-03-14', 1);   
 INSERT INTO asistencias (id, alumno_id, fecha, presente) VALUES (120, 10, '2025-04-14', 1);   
 INSERT INTO asistencias (id, alumno_id, fecha, presente) VALUES (122, 10, '2025-04-22', 1);   
 INSERT INTO asistencias (id, alumno_id, fecha, presente) VALUES (123, 10, '2025-03-01', 1);   
 INSERT INTO asistencias (id, alumno_id, fecha, presente) VALUES (124, 10, '2025-03-12', 1);   
 INSERT INTO asistencias (id, alumno_id, fecha, presente) VALUES (125, 10, '2025-04-19', 1);   
 INSERT INTO asistencias (id, alumno_id, fecha, presente) VALUES (126, 10, '2025-04-28', 1);   
 INSERT INTO asistencias (id, alumno_id, fecha, presente) VALUES (127, 10, '2025-04-11', 1);   
 INSERT INTO asistencias (id, alumno_id, fecha, presente) VALUES (128, 10, '2025-04-08', 1);   
 INSERT INTO asistencias (id, alumno_id, fecha, presente) VALUES (129, 11, '2025-04-05', 1);   
 INSERT INTO asistencias (id, alumno_id, fecha, presente) VALUES (130, 11, '2025-04-27', 1);   
 INSERT INTO asistencias (id, alumno_id, fecha, presente) VALUES (131, 11, '2025-04-21', 1);   
 INSERT INTO asistencias (id, alumno_id, fecha, presente) VALUES (132, 11, '2025-04-07', 1);   
 INSERT INTO asistencias (id, alumno_id, fecha, presente) VALUES (133, 11, '2025-03-22', 1);   
 INSERT INTO asistencias (id, alumno_id, fecha, presente) VALUES (134, 11, '2025-04-08', 1);   
 INSERT INTO asistencias (id, alumno_id, fecha, presente) VALUES (135, 11, '2025-03-25', 1);   
 INSERT INTO asistencias (id, alumno_id, fecha, presente) VALUES (136, 11, '2025-04-10', 1);   
 INSERT INTO asistencias (id, alumno_id, fecha, presente) VALUES (137, 11, '2025-03-07', 1);   
 INSERT INTO asistencias (id, alumno_id, fecha, presente) VALUES (138, 11, '2025-03-26', 1);   
 INSERT INTO asistencias (id, alumno_id, fecha, presente) VALUES (139, 12, '2025-03-08', 1);   
 INSERT INTO asistencias (id, alumno_id, fecha, presente) VALUES (140, 12, '2025-04-21', 1);   
 INSERT INTO asistencias (id, alumno_id, fecha, presente) VALUES (141, 12, '2025-03-18', 1);   
 INSERT INTO asistencias (id, alumno_id, fecha, presente) VALUES (142, 12, '2025-04-28', 1);   
 INSERT INTO asistencias (id, alumno_id, fecha, presente) VALUES (143, 12, '2025-03-17', 1);   
 INSERT INTO asistencias (id, alumno_id, fecha, presente) VALUES (144, 12, '2025-03-16', 1);   
 INSERT INTO asistencias (id, alumno_id, fecha, presente) VALUES (146, 12, '2025-04-10', 1);   
 INSERT INTO asistencias (id, alumno_id, fecha, presente) VALUES (147, 12, '2025-03-09', 1);   
 INSERT INTO asistencias (id, alumno_id, fecha, presente) VALUES (148, 12, '2025-04-02', 1);   
 INSERT INTO asistencias (id, alumno_id, fecha, presente) VALUES (149, 13, '2025-03-22', 1);   
 INSERT INTO asistencias (id, alumno_id, fecha, presente) VALUES (150, 13, '2025-03-18', 1);   
 INSERT INTO asistencias (id, alumno_id, fecha, presente) VALUES (151, 13, '2025-03-05', 1);   
 INSERT INTO asistencias (id, alumno_id, fecha, presente) VALUES (152, 13, '2025-03-11', 1);   
 INSERT INTO asistencias (id, alumno_id, fecha, presente) VALUES (153, 13, '2025-04-18', 1);   
 INSERT INTO asistencias (id, alumno_id, fecha, presente) VALUES (154, 13, '2025-03-25', 1);   
 INSERT INTO asistencias (id, alumno_id, fecha, presente) VALUES (155, 13, '2025-04-05', 1);   
 INSERT INTO asistencias (id, alumno_id, fecha, presente) VALUES (156, 13, '2025-04-01', 1);   
 INSERT INTO asistencias (id, alumno_id, fecha, presente) VALUES (157, 13, '2025-04-30', 1);   
 INSERT INTO asistencias (id, alumno_id, fecha, presente) VALUES (158, 13, '2025-04-28', 1);   
 INSERT INTO asistencias (id, alumno_id, fecha, presente) VALUES (159, 14, '2025-04-25', 1);   
 INSERT INTO asistencias (id, alumno_id, fecha, presente) VALUES (160, 14, '2025-04-21', 1);   
 INSERT INTO asistencias (id, alumno_id, fecha, presente) VALUES (161, 14, '2025-03-26', 1);   
 INSERT INTO asistencias (id, alumno_id, fecha, presente) VALUES (162, 14, '2025-03-22', 1);   
 INSERT INTO asistencias (id, alumno_id, fecha, presente) VALUES (163, 14, '2025-04-04', 1);   
 INSERT INTO asistencias (id, alumno_id, fecha, presente) VALUES (164, 14, '2025-04-07', 1);   
 INSERT INTO asistencias (id, alumno_id, fecha, presente) VALUES (165, 14, '2025-03-19', 1);   
 INSERT INTO asistencias (id, alumno_id, fecha, presente) VALUES (166, 14, '2025-03-12', 1);   
 INSERT INTO asistencias (id, alumno_id, fecha, presente) VALUES (167, 14, '2025-03-08', 1);   
 INSERT INTO asistencias (id, alumno_id, fecha, presente) VALUES (168, 14, '2025-03-14', 1);   
 INSERT INTO asistencias (id, alumno_id, fecha, presente) VALUES (169, 15, '2025-03-08', 1);   
 INSERT INTO asistencias (id, alumno_id, fecha, presente) VALUES (170, 15, '2025-04-24', 1);   
 INSERT INTO asistencias (id, alumno_id, fecha, presente) VALUES (171, 15, '2025-04-29', 1);   
 INSERT INTO asistencias (id, alumno_id, fecha, presente) VALUES (172, 15, '2025-04-03', 1);   
 INSERT INTO asistencias (id, alumno_id, fecha, presente) VALUES (173, 15, '2025-03-20', 1);   
 INSERT INTO asistencias (id, alumno_id, fecha, presente) VALUES (174, 15, '2025-03-30', 1);   
 INSERT INTO asistencias (id, alumno_id, fecha, presente) VALUES (175, 15, '2025-04-17', 1);   
 INSERT INTO asistencias (id, alumno_id, fecha, presente) VALUES (176, 15, '2025-03-14', 1);   
 INSERT INTO asistencias (id, alumno_id, fecha, presente) VALUES (177, 15, '2025-03-18', 1);   
 INSERT INTO asistencias (id, alumno_id, fecha, presente) VALUES (179, 16, '2025-03-01', 1);   
 INSERT INTO asistencias (id, alumno_id, fecha, presente) VALUES (180, 16, '2025-04-04', 1);   
 INSERT INTO asistencias (id, alumno_id, fecha, presente) VALUES (181, 16, '2025-03-20', 1);   
 INSERT INTO asistencias (id, alumno_id, fecha, presente) VALUES (182, 16, '2025-04-24', 1);   
 INSERT INTO asistencias (id, alumno_id, fecha, presente) VALUES (183, 16, '2025-04-08', 1);   
 INSERT INTO asistencias (id, alumno_id, fecha, presente) VALUES (184, 16, '2025-04-22', 1);   
 INSERT INTO asistencias (id, alumno_id, fecha, presente) VALUES (185, 16, '2025-04-15', 1);   
 INSERT INTO asistencias (id, alumno_id, fecha, presente) VALUES (186, 16, '2025-03-23', 1);   
 INSERT INTO asistencias (id, alumno_id, fecha, presente) VALUES (187, 16, '2025-03-12', 1);   
 INSERT INTO asistencias (id, alumno_id, fecha, presente) VALUES (188, 16, '2025-04-10', 1);   
 INSERT INTO asistencias (id, alumno_id, fecha, presente) VALUES (189, 17, '2025-04-27', 1);   
 INSERT INTO asistencias (id, alumno_id, fecha, presente) VALUES (190, 17, '2025-04-26', 1);   
 INSERT INTO asistencias (id, alumno_id, fecha, presente) VALUES (191, 17, '2025-04-19', 1);   
 INSERT INTO asistencias (id, alumno_id, fecha, presente) VALUES (192, 17, '2025-03-18', 1);   
 INSERT INTO asistencias (id, alumno_id, fecha, presente) VALUES (193, 17, '2025-03-25', 1);   
 INSERT INTO asistencias (id, alumno_id, fecha, presente) VALUES (194, 17, '2025-04-07', 1);   
 INSERT INTO asistencias (id, alumno_id, fecha, presente) VALUES (197, 17, '2025-04-06', 1);   
 INSERT INTO asistencias (id, alumno_id, fecha, presente) VALUES (198, 17, '2025-03-21', 1);   
 INSERT INTO asistencias (id, alumno_id, fecha, presente) VALUES (199, 18, '2025-04-17', 1);   
 INSERT INTO asistencias (id, alumno_id, fecha, presente) VALUES (200, 18, '2025-03-02', 1);   
 INSERT INTO asistencias (id, alumno_id, fecha, presente) VALUES (201, 18, '2025-04-06', 1);   
 INSERT INTO asistencias (id, alumno_id, fecha, presente) VALUES (202, 18, '2025-03-16', 1);   
 INSERT INTO asistencias (id, alumno_id, fecha, presente) VALUES (203, 18, '2025-03-25', 1);   
 INSERT INTO asistencias (id, alumno_id, fecha, presente) VALUES (204, 18, '2025-03-05', 1);   
 INSERT INTO asistencias (id, alumno_id, fecha, presente) VALUES (205, 18, '2025-04-01', 1);   
 INSERT INTO asistencias (id, alumno_id, fecha, presente) VALUES (206, 18, '2025-03-26', 1);   
 INSERT INTO asistencias (id, alumno_id, fecha, presente) VALUES (207, 18, '2025-04-25', 1);   
 INSERT INTO asistencias (id, alumno_id, fecha, presente) VALUES (208, 18, '2025-03-27', 1);   
 INSERT INTO asistencias (id, alumno_id, fecha, presente) VALUES (209, 19, '2025-03-31', 1);   
 INSERT INTO asistencias (id, alumno_id, fecha, presente) VALUES (210, 19, '2025-04-26', 1);   
 INSERT INTO asistencias (id, alumno_id, fecha, presente) VALUES (211, 19, '2025-04-19', 1);   
 INSERT INTO asistencias (id, alumno_id, fecha, presente) VALUES (212, 19, '2025-03-14', 1);   
 INSERT INTO asistencias (id, alumno_id, fecha, presente) VALUES (214, 19, '2025-03-03', 1);   
 INSERT INTO asistencias (id, alumno_id, fecha, presente) VALUES (215, 19, '2025-03-19', 1);   
 INSERT INTO asistencias (id, alumno_id, fecha, presente) VALUES (216, 19, '2025-03-24', 1);   
 INSERT INTO asistencias (id, alumno_id, fecha, presente) VALUES (218, 19, '2025-04-11', 1);   
 INSERT INTO asistencias (id, alumno_id, fecha, presente) VALUES (219, 20, '2025-03-31', 1);   
 INSERT INTO asistencias (id, alumno_id, fecha, presente) VALUES (220, 20, '2025-03-26', 1);   
 INSERT INTO asistencias (id, alumno_id, fecha, presente) VALUES (221, 20, '2025-04-27', 1);   
 INSERT INTO asistencias (id, alumno_id, fecha, presente) VALUES (222, 20, '2025-04-06', 1);   
 INSERT INTO asistencias (id, alumno_id, fecha, presente) VALUES (223, 20, '2025-03-16', 1);   
 INSERT INTO asistencias (id, alumno_id, fecha, presente) VALUES (224, 20, '2025-04-07', 1);   
 INSERT INTO asistencias (id, alumno_id, fecha, presente) VALUES (225, 20, '2025-03-11', 1);   
 INSERT INTO asistencias (id, alumno_id, fecha, presente) VALUES (226, 20, '2025-03-15', 1);   
 INSERT INTO asistencias (id, alumno_id, fecha, presente) VALUES (227, 20, '2025-04-17', 1);   
 INSERT INTO asistencias (id, alumno_id, fecha, presente) VALUES (229, 21, '2025-04-08', 1);   
 INSERT INTO asistencias (id, alumno_id, fecha, presente) VALUES (231, 21, '2025-03-19', 1);   
 INSERT INTO asistencias (id, alumno_id, fecha, presente) VALUES (232, 21, '2025-03-29', 1);   
 INSERT INTO asistencias (id, alumno_id, fecha, presente) VALUES (233, 21, '2025-04-06', 1);   
 INSERT INTO asistencias (id, alumno_id, fecha, presente) VALUES (234, 21, '2025-04-26', 1);   
 INSERT INTO asistencias (id, alumno_id, fecha, presente) VALUES (235, 21, '2025-03-21', 1);   
 INSERT INTO asistencias (id, alumno_id, fecha, presente) VALUES (236, 21, '2025-04-13', 1);   
 INSERT INTO asistencias (id, alumno_id, fecha, presente) VALUES (237, 21, '2025-03-07', 1);   
 INSERT INTO asistencias (id, alumno_id, fecha, presente) VALUES (238, 21, '2025-03-27', 1);   
 INSERT INTO asistencias (id, alumno_id, fecha, presente) VALUES (239, 22, '2025-03-20', 1);   
 INSERT INTO asistencias (id, alumno_id, fecha, presente) VALUES (240, 22, '2025-03-08', 1);   
 INSERT INTO asistencias (id, alumno_id, fecha, presente) VALUES (241, 22, '2025-04-26', 1);   
 INSERT INTO asistencias (id, alumno_id, fecha, presente) VALUES (242, 22, '2025-04-13', 1);   
 INSERT INTO asistencias (id, alumno_id, fecha, presente) VALUES (243, 22, '2025-04-12', 1);   
 INSERT INTO asistencias (id, alumno_id, fecha, presente) VALUES (244, 22, '2025-03-16', 1);   
 INSERT INTO asistencias (id, alumno_id, fecha, presente) VALUES (245, 22, '2025-04-27', 1);   
 INSERT INTO asistencias (id, alumno_id, fecha, presente) VALUES (246, 22, '2025-03-04', 1);   
 INSERT INTO asistencias (id, alumno_id, fecha, presente) VALUES (247, 22, '2025-03-21', 1);   
 INSERT INTO asistencias (id, alumno_id, fecha, presente) VALUES (248, 22, '2025-04-04', 1);   
 INSERT INTO asistencias (id, alumno_id, fecha, presente) VALUES (249, 23, '2025-03-17', 1);   
 INSERT INTO asistencias (id, alumno_id, fecha, presente) VALUES (250, 23, '2025-03-07', 1);   
 INSERT INTO asistencias (id, alumno_id, fecha, presente) VALUES (251, 23, '2025-03-03', 1);   
 INSERT INTO asistencias (id, alumno_id, fecha, presente) VALUES (252, 23, '2025-03-21', 1);   
 INSERT INTO asistencias (id, alumno_id, fecha, presente) VALUES (253, 23, '2025-04-13', 1);   
 INSERT INTO asistencias (id, alumno_id, fecha, presente) VALUES (254, 23, '2025-04-06', 1);   
 INSERT INTO asistencias (id, alumno_id, fecha, presente) VALUES (255, 23, '2025-03-23', 1);   
 INSERT INTO asistencias (id, alumno_id, fecha, presente) VALUES (256, 23, '2025-03-29', 1);   
 INSERT INTO asistencias (id, alumno_id, fecha, presente) VALUES (257, 23, '2025-04-12', 1);   
 INSERT INTO asistencias (id, alumno_id, fecha, presente) VALUES (259, 24, '2025-04-24', 1);   
 INSERT INTO asistencias (id, alumno_id, fecha, presente) VALUES (260, 24, '2025-04-26', 1);   
 INSERT INTO asistencias (id, alumno_id, fecha, presente) VALUES (261, 24, '2025-04-06', 1);   
 INSERT INTO asistencias (id, alumno_id, fecha, presente) VALUES (262, 24, '2025-04-21', 1);   
 INSERT INTO asistencias (id, alumno_id, fecha, presente) VALUES (263, 24, '2025-03-05', 1);   
 INSERT INTO asistencias (id, alumno_id, fecha, presente) VALUES (264, 24, '2025-04-09', 1);   
 INSERT INTO asistencias (id, alumno_id, fecha, presente) VALUES (265, 24, '2025-04-01', 1);   
 INSERT INTO asistencias (id, alumno_id, fecha, presente) VALUES (266, 24, '2025-03-21', 1);   
 INSERT INTO asistencias (id, alumno_id, fecha, presente) VALUES (267, 24, '2025-03-11', 1);   
 INSERT INTO asistencias (id, alumno_id, fecha, presente) VALUES (268, 24, '2025-03-19', 1);   
 INSERT INTO asistencias (id, alumno_id, fecha, presente) VALUES (269, 25, '2025-03-11', 1);   
 INSERT INTO asistencias (id, alumno_id, fecha, presente) VALUES (270, 25, '2025-04-02', 1);   
 INSERT INTO asistencias (id, alumno_id, fecha, presente) VALUES (271, 25, '2025-04-08', 1);   
 INSERT INTO asistencias (id, alumno_id, fecha, presente) VALUES (272, 25, '2025-04-24', 1);   
 INSERT INTO asistencias (id, alumno_id, fecha, presente) VALUES (273, 25, '2025-03-26', 1);   
 INSERT INTO asistencias (id, alumno_id, fecha, presente) VALUES (274, 25, '2025-04-16', 1);   
 INSERT INTO asistencias (id, alumno_id, fecha, presente) VALUES (275, 25, '2025-03-04', 1);   
 INSERT INTO asistencias (id, alumno_id, fecha, presente) VALUES (276, 25, '2025-04-15', 1);   
 INSERT INTO asistencias (id, alumno_id, fecha, presente) VALUES (277, 25, '2025-03-07', 1);   
 INSERT INTO asistencias (id, alumno_id, fecha, presente) VALUES (278, 25, '2025-04-12', 1);   
 INSERT INTO asistencias (id, alumno_id, fecha, presente) VALUES (279, 26, '2025-04-03', 1);   
 INSERT INTO asistencias (id, alumno_id, fecha, presente) VALUES (280, 26, '2025-03-09', 1);   
 INSERT INTO asistencias (id, alumno_id, fecha, presente) VALUES (281, 26, '2025-04-02', 1);   
 INSERT INTO asistencias (id, alumno_id, fecha, presente) VALUES (282, 26, '2025-03-06', 1);   
 INSERT INTO asistencias (id, alumno_id, fecha, presente) VALUES (283, 26, '2025-03-30', 1);   
 INSERT INTO asistencias (id, alumno_id, fecha, presente) VALUES (284, 26, '2025-03-14', 1);   
 INSERT INTO asistencias (id, alumno_id, fecha, presente) VALUES (285, 26, '2025-04-22', 1);   
 INSERT INTO asistencias (id, alumno_id, fecha, presente) VALUES (286, 26, '2025-04-08', 1);   
 INSERT INTO asistencias (id, alumno_id, fecha, presente) VALUES (287, 26, '2025-04-01', 1);   
 INSERT INTO asistencias (id, alumno_id, fecha, presente) VALUES (288, 26, '2025-03-19', 1);   
 INSERT INTO asistencias (id, alumno_id, fecha, presente) VALUES (289, 27, '2025-04-10', 1);   
 INSERT INTO asistencias (id, alumno_id, fecha, presente) VALUES (290, 27, '2025-04-29', 1);   
 INSERT INTO asistencias (id, alumno_id, fecha, presente) VALUES (291, 27, '2025-04-23', 1);   
 INSERT INTO asistencias (id, alumno_id, fecha, presente) VALUES (293, 27, '2025-03-02', 1);   
 INSERT INTO asistencias (id, alumno_id, fecha, presente) VALUES (294, 27, '2025-03-14', 1);   
 INSERT INTO asistencias (id, alumno_id, fecha, presente) VALUES (296, 27, '2025-04-11', 1);   
 INSERT INTO asistencias (id, alumno_id, fecha, presente) VALUES (297, 27, '2025-03-05', 1);   
 INSERT INTO asistencias (id, alumno_id, fecha, presente) VALUES (298, 27, '2025-04-27', 1);   
 INSERT INTO asistencias (id, alumno_id, fecha, presente) VALUES (299, 28, '2025-03-01', 1);   
 INSERT INTO asistencias (id, alumno_id, fecha, presente) VALUES (300, 28, '2025-03-28', 1);   
 INSERT INTO asistencias (id, alumno_id, fecha, presente) VALUES (301, 28, '2025-03-10', 1);   
 INSERT INTO asistencias (id, alumno_id, fecha, presente) VALUES (302, 28, '2025-04-09', 1);   
 INSERT INTO asistencias (id, alumno_id, fecha, presente) VALUES (303, 28, '2025-03-12', 1);   
 INSERT INTO asistencias (id, alumno_id, fecha, presente) VALUES (304, 28, '2025-03-03', 1);   
 INSERT INTO asistencias (id, alumno_id, fecha, presente) VALUES (305, 28, '2025-03-07', 1);   
 INSERT INTO asistencias (id, alumno_id, fecha, presente) VALUES (306, 28, '2025-03-25', 1);   
 INSERT INTO asistencias (id, alumno_id, fecha, presente) VALUES (308, 28, '2025-03-11', 1);   
 INSERT INTO asistencias (id, alumno_id, fecha, presente) VALUES (309, 29, '2025-04-04', 1);   
 INSERT INTO asistencias (id, alumno_id, fecha, presente) VALUES (310, 29, '2025-04-07', 1);   
 INSERT INTO asistencias (id, alumno_id, fecha, presente) VALUES (311, 29, '2025-03-24', 1);   
 INSERT INTO asistencias (id, alumno_id, fecha, presente) VALUES (312, 29, '2025-03-11', 1);   
 INSERT INTO asistencias (id, alumno_id, fecha, presente) VALUES (313, 29, '2025-03-15', 1);   
 INSERT INTO asistencias (id, alumno_id, fecha, presente) VALUES (314, 29, '2025-04-12', 1);   
 INSERT INTO asistencias (id, alumno_id, fecha, presente) VALUES (315, 29, '2025-03-08', 1);   
 INSERT INTO asistencias (id, alumno_id, fecha, presente) VALUES (316, 29, '2025-03-27', 1);   
 INSERT INTO asistencias (id, alumno_id, fecha, presente) VALUES (317, 29, '2025-04-16', 1);   
 INSERT INTO asistencias (id, alumno_id, fecha, presente) VALUES (318, 29, '2025-04-15', 1);   
 INSERT INTO asistencias (id, alumno_id, fecha, presente) VALUES (319, 30, '2025-04-29', 1);   
 INSERT INTO asistencias (id, alumno_id, fecha, presente) VALUES (320, 30, '2025-03-06', 1);   
 INSERT INTO asistencias (id, alumno_id, fecha, presente) VALUES (321, 30, '2025-04-12', 1);   
 INSERT INTO asistencias (id, alumno_id, fecha, presente) VALUES (322, 30, '2025-04-02', 1);   
 INSERT INTO asistencias (id, alumno_id, fecha, presente) VALUES (323, 30, '2025-04-21', 1);   
 INSERT INTO asistencias (id, alumno_id, fecha, presente) VALUES (324, 30, '2025-03-07', 1);   
 INSERT INTO asistencias (id, alumno_id, fecha, presente) VALUES (325, 30, '2025-03-09', 1);   
 INSERT INTO asistencias (id, alumno_id, fecha, presente) VALUES (326, 30, '2025-04-28', 1);   
 INSERT INTO asistencias (id, alumno_id, fecha, presente) VALUES (327, 30, '2025-03-28', 1);   
 INSERT INTO asistencias (id, alumno_id, fecha, presente) VALUES (329, 31, '2025-03-13', 1);   
 INSERT INTO asistencias (id, alumno_id, fecha, presente) VALUES (330, 31, '2025-03-09', 1);   
 INSERT INTO asistencias (id, alumno_id, fecha, presente) VALUES (331, 31, '2025-03-17', 1);   
 INSERT INTO asistencias (id, alumno_id, fecha, presente) VALUES (332, 31, '2025-03-21', 1);   
 INSERT INTO asistencias (id, alumno_id, fecha, presente) VALUES (333, 31, '2025-03-20', 1);   
 INSERT INTO asistencias (id, alumno_id, fecha, presente) VALUES (334, 31, '2025-03-22', 1);   
 INSERT INTO asistencias (id, alumno_id, fecha, presente) VALUES (335, 31, '2025-03-16', 1);   
 INSERT INTO asistencias (id, alumno_id, fecha, presente) VALUES (336, 31, '2025-03-30', 1);   
 INSERT INTO asistencias (id, alumno_id, fecha, presente) VALUES (337, 31, '2025-03-02', 1);   
 INSERT INTO asistencias (id, alumno_id, fecha, presente) VALUES (338, 31, '2025-04-17', 1);   
 INSERT INTO asistencias (id, alumno_id, fecha, presente) VALUES (339, 32, '2025-04-26', 1);   
 INSERT INTO asistencias (id, alumno_id, fecha, presente) VALUES (340, 32, '2025-04-02', 1);   
 INSERT INTO asistencias (id, alumno_id, fecha, presente) VALUES (341, 32, '2025-04-15', 1);   
 INSERT INTO asistencias (id, alumno_id, fecha, presente) VALUES (342, 32, '2025-04-21', 1);   
 INSERT INTO asistencias (id, alumno_id, fecha, presente) VALUES (343, 32, '2025-03-10', 1);   
 INSERT INTO asistencias (id, alumno_id, fecha, presente) VALUES (344, 32, '2025-04-28', 1);   
 INSERT INTO asistencias (id, alumno_id, fecha, presente) VALUES (345, 32, '2025-03-06', 1);   
 INSERT INTO asistencias (id, alumno_id, fecha, presente) VALUES (346, 32, '2025-03-22', 1);   
 INSERT INTO asistencias (id, alumno_id, fecha, presente) VALUES (347, 32, '2025-04-17', 1);   
 INSERT INTO asistencias (id, alumno_id, fecha, presente) VALUES (348, 32, '2025-04-04', 1);   
 INSERT INTO asistencias (id, alumno_id, fecha, presente) VALUES (349, 33, '2025-03-29', 1);   
 INSERT INTO asistencias (id, alumno_id, fecha, presente) VALUES (350, 33, '2025-03-28', 1);   
 INSERT INTO asistencias (id, alumno_id, fecha, presente) VALUES (351, 33, '2025-03-25', 1);   
 INSERT INTO asistencias (id, alumno_id, fecha, presente) VALUES (352, 33, '2025-03-07', 1);   
 INSERT INTO asistencias (id, alumno_id, fecha, presente) VALUES (353, 33, '2025-03-13', 1);   
 INSERT INTO asistencias (id, alumno_id, fecha, presente) VALUES (354, 33, '2025-03-27', 1);   
 INSERT INTO asistencias (id, alumno_id, fecha, presente) VALUES (355, 33, '2025-03-30', 1);   
 INSERT INTO asistencias (id, alumno_id, fecha, presente) VALUES (357, 33, '2025-03-05', 1);   
 INSERT INTO asistencias (id, alumno_id, fecha, presente) VALUES (358, 33, '2025-04-08', 1);   
 INSERT INTO asistencias (id, alumno_id, fecha, presente) VALUES (359, 34, '2025-03-01', 1);   
 INSERT INTO asistencias (id, alumno_id, fecha, presente) VALUES (360, 34, '2025-03-06', 1);   
 INSERT INTO asistencias (id, alumno_id, fecha, presente) VALUES (361, 34, '2025-04-13', 1);   
 INSERT INTO asistencias (id, alumno_id, fecha, presente) VALUES (362, 34, '2025-03-08', 1);   
 INSERT INTO asistencias (id, alumno_id, fecha, presente) VALUES (363, 34, '2025-03-20', 1);   
 INSERT INTO asistencias (id, alumno_id, fecha, presente) VALUES (364, 34, '2025-03-17', 1);   
 INSERT INTO asistencias (id, alumno_id, fecha, presente) VALUES (365, 34, '2025-03-18', 1);   
 INSERT INTO asistencias (id, alumno_id, fecha, presente) VALUES (366, 34, '2025-03-15', 1);   
 INSERT INTO asistencias (id, alumno_id, fecha, presente) VALUES (368, 34, '2025-04-23', 1);   
 INSERT INTO asistencias (id, alumno_id, fecha, presente) VALUES (369, 35, '2025-04-15', 1);   
 INSERT INTO asistencias (id, alumno_id, fecha, presente) VALUES (370, 35, '2025-03-27', 1);   
 INSERT INTO asistencias (id, alumno_id, fecha, presente) VALUES (371, 35, '2025-04-04', 1);   
 INSERT INTO asistencias (id, alumno_id, fecha, presente) VALUES (372, 35, '2025-03-07', 1);   
 INSERT INTO asistencias (id, alumno_id, fecha, presente) VALUES (373, 35, '2025-04-28', 1);   
 INSERT INTO asistencias (id, alumno_id, fecha, presente) VALUES (374, 35, '2025-04-22', 1);   
 INSERT INTO asistencias (id, alumno_id, fecha, presente) VALUES (375, 35, '2025-03-08', 1);   
 INSERT INTO asistencias (id, alumno_id, fecha, presente) VALUES (376, 35, '2025-04-21', 1);   
 INSERT INTO asistencias (id, alumno_id, fecha, presente) VALUES (377, 35, '2025-03-05', 1);   
 INSERT INTO asistencias (id, alumno_id, fecha, presente) VALUES (378, 35, '2025-03-25', 1);   
 INSERT INTO asistencias (id, alumno_id, fecha, presente) VALUES (379, 36, '2025-03-12', 1);   
 INSERT INTO asistencias (id, alumno_id, fecha, presente) VALUES (380, 36, '2025-03-05', 1);   
 INSERT INTO asistencias (id, alumno_id, fecha, presente) VALUES (382, 36, '2025-04-28', 1);   
 INSERT INTO asistencias (id, alumno_id, fecha, presente) VALUES (383, 36, '2025-03-06', 1);   
 INSERT INTO asistencias (id, alumno_id, fecha, presente) VALUES (384, 36, '2025-04-25', 1);   
 INSERT INTO asistencias (id, alumno_id, fecha, presente) VALUES (385, 36, '2025-03-27', 1);   
 INSERT INTO asistencias (id, alumno_id, fecha, presente) VALUES (386, 36, '2025-03-16', 1);   
 INSERT INTO asistencias (id, alumno_id, fecha, presente) VALUES (387, 36, '2025-03-07', 1);   
 INSERT INTO asistencias (id, alumno_id, fecha, presente) VALUES (388, 36, '2025-04-12', 1);   
 INSERT INTO asistencias (id, alumno_id, fecha, presente) VALUES (389, 37, '2025-03-17', 1);   
 INSERT INTO asistencias (id, alumno_id, fecha, presente) VALUES (390, 37, '2025-04-05', 1);   
 INSERT INTO asistencias (id, alumno_id, fecha, presente) VALUES (391, 37, '2025-04-18', 1);   
 INSERT INTO asistencias (id, alumno_id, fecha, presente) VALUES (392, 37, '2025-03-20', 1);   
 INSERT INTO asistencias (id, alumno_id, fecha, presente) VALUES (393, 37, '2025-03-09', 1);   
 INSERT INTO asistencias (id, alumno_id, fecha, presente) VALUES (394, 37, '2025-04-13', 1);   
 INSERT INTO asistencias (id, alumno_id, fecha, presente) VALUES (396, 37, '2025-03-11', 1);   
 INSERT INTO asistencias (id, alumno_id, fecha, presente) VALUES (397, 37, '2025-04-24', 1);   
 INSERT INTO asistencias (id, alumno_id, fecha, presente) VALUES (398, 37, '2025-03-05', 1);   
 INSERT INTO asistencias (id, alumno_id, fecha, presente) VALUES (399, 38, '2025-03-18', 1);   
 INSERT INTO asistencias (id, alumno_id, fecha, presente) VALUES (400, 38, '2025-04-01', 1);   
 INSERT INTO asistencias (id, alumno_id, fecha, presente) VALUES (401, 38, '2025-04-22', 1);   
 INSERT INTO asistencias (id, alumno_id, fecha, presente) VALUES (402, 38, '2025-03-10', 1);   
 INSERT INTO asistencias (id, alumno_id, fecha, presente) VALUES (403, 38, '2025-03-31', 1);   
 INSERT INTO asistencias (id, alumno_id, fecha, presente) VALUES (404, 38, '2025-04-25', 1);   
 INSERT INTO asistencias (id, alumno_id, fecha, presente) VALUES (405, 38, '2025-03-03', 1);   
 INSERT INTO asistencias (id, alumno_id, fecha, presente) VALUES (406, 38, '2025-03-22', 1);   
 INSERT INTO asistencias (id, alumno_id, fecha, presente) VALUES (407, 38, '2025-03-15', 1);   
 INSERT INTO asistencias (id, alumno_id, fecha, presente) VALUES (409, 39, '2025-04-11', 1);   
 INSERT INTO asistencias (id, alumno_id, fecha, presente) VALUES (410, 39, '2025-04-27', 1);   
 INSERT INTO asistencias (id, alumno_id, fecha, presente) VALUES (411, 39, '2025-04-21', 1);   
 INSERT INTO asistencias (id, alumno_id, fecha, presente) VALUES (413, 39, '2025-03-26', 1);   
 INSERT INTO asistencias (id, alumno_id, fecha, presente) VALUES (414, 39, '2025-04-10', 1);   
 INSERT INTO asistencias (id, alumno_id, fecha, presente) VALUES (416, 39, '2025-03-04', 1);   
 INSERT INTO asistencias (id, alumno_id, fecha, presente) VALUES (417, 39, '2025-04-19', 1);   
 INSERT INTO asistencias (id, alumno_id, fecha, presente) VALUES (418, 39, '2025-03-12', 1);   
 INSERT INTO asistencias (id, alumno_id, fecha, presente) VALUES (419, 40, '2025-04-17', 1);   
 INSERT INTO asistencias (id, alumno_id, fecha, presente) VALUES (420, 40, '2025-03-15', 1);   
 INSERT INTO asistencias (id, alumno_id, fecha, presente) VALUES (421, 40, '2025-03-01', 1);   
 INSERT INTO asistencias (id, alumno_id, fecha, presente) VALUES (422, 40, '2025-03-03', 1);   
 INSERT INTO asistencias (id, alumno_id, fecha, presente) VALUES (423, 40, '2025-03-25', 1);   
 INSERT INTO asistencias (id, alumno_id, fecha, presente) VALUES (424, 40, '2025-03-28', 1);   
 INSERT INTO asistencias (id, alumno_id, fecha, presente) VALUES (425, 40, '2025-04-12', 1);   
 INSERT INTO asistencias (id, alumno_id, fecha, presente) VALUES (426, 40, '2025-03-24', 1);   
 INSERT INTO asistencias (id, alumno_id, fecha, presente) VALUES (427, 40, '2025-03-17', 1);   
 INSERT INTO asistencias (id, alumno_id, fecha, presente) VALUES (428, 40, '2025-03-12', 1);   
 INSERT INTO asistencias (id, alumno_id, fecha, presente) VALUES (429, 41, '2025-04-12', 1);   
 INSERT INTO asistencias (id, alumno_id, fecha, presente) VALUES (430, 41, '2025-04-23', 1);   
 INSERT INTO asistencias (id, alumno_id, fecha, presente) VALUES (431, 41, '2025-04-24', 1);   
 INSERT INTO asistencias (id, alumno_id, fecha, presente) VALUES (432, 41, '2025-03-08', 1);   
 INSERT INTO asistencias (id, alumno_id, fecha, presente) VALUES (433, 41, '2025-04-01', 1);   
 INSERT INTO asistencias (id, alumno_id, fecha, presente) VALUES (434, 41, '2025-04-27', 1);   
 INSERT INTO asistencias (id, alumno_id, fecha, presente) VALUES (436, 41, '2025-04-26', 1);   
 INSERT INTO asistencias (id, alumno_id, fecha, presente) VALUES (437, 41, '2025-03-15', 1);   
 INSERT INTO asistencias (id, alumno_id, fecha, presente) VALUES (439, 42, '2025-04-10', 1);   
 INSERT INTO asistencias (id, alumno_id, fecha, presente) VALUES (440, 42, '2025-03-10', 1);   
 INSERT INTO asistencias (id, alumno_id, fecha, presente) VALUES (441, 42, '2025-04-03', 1);   
 INSERT INTO asistencias (id, alumno_id, fecha, presente) VALUES (442, 42, '2025-04-23', 1);   
 INSERT INTO asistencias (id, alumno_id, fecha, presente) VALUES (443, 42, '2025-03-09', 1);   
 INSERT INTO asistencias (id, alumno_id, fecha, presente) VALUES (444, 42, '2025-04-08', 1);   
 INSERT INTO asistencias (id, alumno_id, fecha, presente) VALUES (445, 42, '2025-04-07', 1);   
 INSERT INTO asistencias (id, alumno_id, fecha, presente) VALUES (446, 42, '2025-03-23', 1);   
 INSERT INTO asistencias (id, alumno_id, fecha, presente) VALUES (448, 42, '2025-03-28', 1);   
 INSERT INTO asistencias (id, alumno_id, fecha, presente) VALUES (449, 43, '2025-03-29', 1);   
 INSERT INTO asistencias (id, alumno_id, fecha, presente) VALUES (450, 43, '2025-04-23', 1);   
 INSERT INTO asistencias (id, alumno_id, fecha, presente) VALUES (451, 43, '2025-03-21', 1);   
 INSERT INTO asistencias (id, alumno_id, fecha, presente) VALUES (452, 43, '2025-04-14', 1);   
 INSERT INTO asistencias (id, alumno_id, fecha, presente) VALUES (453, 43, '2025-04-25', 1);   
 INSERT INTO asistencias (id, alumno_id, fecha, presente) VALUES (454, 43, '2025-03-19', 1);   
 INSERT INTO asistencias (id, alumno_id, fecha, presente) VALUES (455, 43, '2025-03-15', 1);   
 INSERT INTO asistencias (id, alumno_id, fecha, presente) VALUES (456, 43, '2025-04-22', 1);   
 INSERT INTO asistencias (id, alumno_id, fecha, presente) VALUES (458, 43, '2025-03-03', 1);   
 INSERT INTO asistencias (id, alumno_id, fecha, presente) VALUES (459, 44, '2025-04-03', 1);   
 INSERT INTO asistencias (id, alumno_id, fecha, presente) VALUES (460, 44, '2025-04-10', 1);   
 INSERT INTO asistencias (id, alumno_id, fecha, presente) VALUES (462, 44, '2025-04-23', 1);   
 INSERT INTO asistencias (id, alumno_id, fecha, presente) VALUES (463, 44, '2025-04-12', 1);   
 INSERT INTO asistencias (id, alumno_id, fecha, presente) VALUES (464, 44, '2025-04-25', 1);   
 INSERT INTO asistencias (id, alumno_id, fecha, presente) VALUES (465, 44, '2025-03-08', 1);   
 INSERT INTO asistencias (id, alumno_id, fecha, presente) VALUES (466, 44, '2025-04-17', 1);   
 INSERT INTO asistencias (id, alumno_id, fecha, presente) VALUES (467, 44, '2025-03-24', 1);   
 INSERT INTO asistencias (id, alumno_id, fecha, presente) VALUES (468, 44, '2025-04-08', 1);   
 INSERT INTO asistencias (id, alumno_id, fecha, presente) VALUES (469, 45, '2025-04-09', 1);   
 INSERT INTO asistencias (id, alumno_id, fecha, presente) VALUES (470, 45, '2025-04-13', 1);   
 INSERT INTO asistencias (id, alumno_id, fecha, presente) VALUES (471, 45, '2025-03-06', 1);   
 INSERT INTO asistencias (id, alumno_id, fecha, presente) VALUES (472, 45, '2025-04-28', 1);   
 INSERT INTO asistencias (id, alumno_id, fecha, presente) VALUES (473, 45, '2025-03-12', 1);   
 INSERT INTO asistencias (id, alumno_id, fecha, presente) VALUES (474, 45, '2025-04-10', 1);   
 INSERT INTO asistencias (id, alumno_id, fecha, presente) VALUES (475, 45, '2025-03-24', 1);   
 INSERT INTO asistencias (id, alumno_id, fecha, presente) VALUES (476, 45, '2025-03-04', 1);   
 INSERT INTO asistencias (id, alumno_id, fecha, presente) VALUES (477, 45, '2025-03-27', 1);   
 INSERT INTO asistencias (id, alumno_id, fecha, presente) VALUES (478, 45, '2025-04-22', 1);   
 INSERT INTO asistencias (id, alumno_id, fecha, presente) VALUES (479, 46, '2025-03-24', 1);   
 INSERT INTO asistencias (id, alumno_id, fecha, presente) VALUES (480, 46, '2025-03-25', 1);   
 INSERT INTO asistencias (id, alumno_id, fecha, presente) VALUES (481, 46, '2025-04-07', 1);   
 INSERT INTO asistencias (id, alumno_id, fecha, presente) VALUES (482, 46, '2025-03-12', 1);   
 INSERT INTO asistencias (id, alumno_id, fecha, presente) VALUES (483, 46, '2025-03-27', 1);   
 INSERT INTO asistencias (id, alumno_id, fecha, presente) VALUES (485, 46, '2025-04-08', 1);   
 INSERT INTO asistencias (id, alumno_id, fecha, presente) VALUES (486, 46, '2025-04-17', 1);   
 INSERT INTO asistencias (id, alumno_id, fecha, presente) VALUES (488, 46, '2025-04-26', 1);   
 INSERT INTO asistencias (id, alumno_id, fecha, presente) VALUES (489, 47, '2025-04-23', 1);   
 INSERT INTO asistencias (id, alumno_id, fecha, presente) VALUES (490, 47, '2025-03-25', 1);   
 INSERT INTO asistencias (id, alumno_id, fecha, presente) VALUES (491, 47, '2025-03-20', 1);   
 INSERT INTO asistencias (id, alumno_id, fecha, presente) VALUES (492, 47, '2025-04-24', 1);   
 INSERT INTO asistencias (id, alumno_id, fecha, presente) VALUES (493, 47, '2025-03-17', 1);   
 INSERT INTO asistencias (id, alumno_id, fecha, presente) VALUES (494, 47, '2025-03-16', 1);   
 INSERT INTO asistencias (id, alumno_id, fecha, presente) VALUES (495, 47, '2025-04-27', 1);   
 INSERT INTO asistencias (id, alumno_id, fecha, presente) VALUES (496, 47, '2025-03-01', 1);   
 INSERT INTO asistencias (id, alumno_id, fecha, presente) VALUES (497, 47, '2025-04-06', 1);   
 INSERT INTO asistencias (id, alumno_id, fecha, presente) VALUES (498, 47, '2025-03-14', 1);   
 INSERT INTO asistencias (id, alumno_id, fecha, presente) VALUES (499, 48, '2025-04-06', 1);   
 INSERT INTO asistencias (id, alumno_id, fecha, presente) VALUES (500, 48, '2025-04-12', 1);   
 INSERT INTO asistencias (id, alumno_id, fecha, presente) VALUES (501, 48, '2025-03-22', 1);   
 INSERT INTO asistencias (id, alumno_id, fecha, presente) VALUES (502, 48, '2025-04-07', 1);   
 INSERT INTO asistencias (id, alumno_id, fecha, presente) VALUES (503, 48, '2025-03-04', 1);   
 INSERT INTO asistencias (id, alumno_id, fecha, presente) VALUES (504, 48, '2025-03-25', 1);   
 INSERT INTO asistencias (id, alumno_id, fecha, presente) VALUES (505, 48, '2025-04-14', 1);   
 INSERT INTO asistencias (id, alumno_id, fecha, presente) VALUES (506, 48, '2025-04-21', 1);   
 INSERT INTO asistencias (id, alumno_id, fecha, presente) VALUES (507, 48, '2025-03-30', 1);   
 INSERT INTO asistencias (id, alumno_id, fecha, presente) VALUES (508, 48, '2025-03-17', 1);   
 INSERT INTO asistencias (id, alumno_id, fecha, presente) VALUES (509, 49, '2025-04-18', 1);   
 INSERT INTO asistencias (id, alumno_id, fecha, presente) VALUES (510, 49, '2025-04-28', 1);   
 INSERT INTO asistencias (id, alumno_id, fecha, presente) VALUES (511, 49, '2025-04-13', 1);   
 INSERT INTO asistencias (id, alumno_id, fecha, presente) VALUES (512, 49, '2025-03-23', 1);   
 INSERT INTO asistencias (id, alumno_id, fecha, presente) VALUES (513, 49, '2025-04-04', 1);   
 INSERT INTO asistencias (id, alumno_id, fecha, presente) VALUES (515, 49, '2025-03-19', 1);   
 INSERT INTO asistencias (id, alumno_id, fecha, presente) VALUES (517, 49, '2025-03-09', 1);   
 INSERT INTO asistencias (id, alumno_id, fecha, presente) VALUES (518, 49, '2025-03-25', 1);   
 INSERT INTO asistencias (id, alumno_id, fecha, presente) VALUES (519, 50, '2025-04-17', 1);   
 INSERT INTO asistencias (id, alumno_id, fecha, presente) VALUES (520, 50, '2025-04-12', 1);   
 INSERT INTO asistencias (id, alumno_id, fecha, presente) VALUES (521, 50, '2025-03-02', 1);   
 INSERT INTO asistencias (id, alumno_id, fecha, presente) VALUES (522, 50, '2025-04-30', 1);   
 INSERT INTO asistencias (id, alumno_id, fecha, presente) VALUES (523, 50, '2025-04-18', 1);   
 INSERT INTO asistencias (id, alumno_id, fecha, presente) VALUES (524, 50, '2025-04-02', 1);   
 INSERT INTO asistencias (id, alumno_id, fecha, presente) VALUES (525, 50, '2025-03-22', 1);   
 INSERT INTO asistencias (id, alumno_id, fecha, presente) VALUES (526, 50, '2025-03-28', 1);   
 INSERT INTO asistencias (id, alumno_id, fecha, presente) VALUES (527, 50, '2025-03-19', 1);   
 INSERT INTO asistencias (id, alumno_id, fecha, presente) VALUES (528, 50, '2025-03-24', 1);   
 INSERT INTO asistencias (id, alumno_id, fecha, presente) VALUES (529, 51, '2025-04-18', 1);   
 INSERT INTO asistencias (id, alumno_id, fecha, presente) VALUES (530, 51, '2025-03-22', 1);   
 INSERT INTO asistencias (id, alumno_id, fecha, presente) VALUES (531, 51, '2025-04-03', 1);   
 INSERT INTO asistencias (id, alumno_id, fecha, presente) VALUES (532, 51, '2025-04-14', 1);   
 INSERT INTO asistencias (id, alumno_id, fecha, presente) VALUES (533, 51, '2025-04-17', 1);   
 INSERT INTO asistencias (id, alumno_id, fecha, presente) VALUES (534, 51, '2025-03-20', 1);   
 INSERT INTO asistencias (id, alumno_id, fecha, presente) VALUES (535, 51, '2025-03-07', 1);   
 INSERT INTO asistencias (id, alumno_id, fecha, presente) VALUES (536, 51, '2025-04-05', 1);   
 INSERT INTO asistencias (id, alumno_id, fecha, presente) VALUES (537, 51, '2025-04-02', 1);   
 INSERT INTO asistencias (id, alumno_id, fecha, presente) VALUES (538, 51, '2025-04-12', 1);   
 INSERT INTO asistencias (id, alumno_id, fecha, presente) VALUES (539, 52, '2025-03-28', 1);   
 INSERT INTO asistencias (id, alumno_id, fecha, presente) VALUES (540, 52, '2025-04-08', 1);   
 INSERT INTO asistencias (id, alumno_id, fecha, presente) VALUES (541, 52, '2025-03-09', 1);   
 INSERT INTO asistencias (id, alumno_id, fecha, presente) VALUES (542, 52, '2025-04-28', 1);   
 INSERT INTO asistencias (id, alumno_id, fecha, presente) VALUES (543, 52, '2025-03-26', 1);   
 INSERT INTO asistencias (id, alumno_id, fecha, presente) VALUES (544, 52, '2025-03-29', 1);   
 INSERT INTO asistencias (id, alumno_id, fecha, presente) VALUES (545, 52, '2025-04-13', 1);   
 INSERT INTO asistencias (id, alumno_id, fecha, presente) VALUES (546, 52, '2025-03-01', 1);   
 INSERT INTO asistencias (id, alumno_id, fecha, presente) VALUES (547, 52, '2025-03-06', 1);   
 INSERT INTO asistencias (id, alumno_id, fecha, presente) VALUES (548, 52, '2025-04-19', 1);   
 INSERT INTO asistencias (id, alumno_id, fecha, presente) VALUES (549, 53, '2025-03-18', 1);   
 INSERT INTO asistencias (id, alumno_id, fecha, presente) VALUES (550, 53, '2025-03-14', 1);   
 INSERT INTO asistencias (id, alumno_id, fecha, presente) VALUES (551, 53, '2025-04-13', 1);   
 INSERT INTO asistencias (id, alumno_id, fecha, presente) VALUES (552, 53, '2025-03-28', 1);   
 INSERT INTO asistencias (id, alumno_id, fecha, presente) VALUES (553, 53, '2025-03-21', 1);   
 INSERT INTO asistencias (id, alumno_id, fecha, presente) VALUES (554, 53, '2025-04-01', 1);   
 INSERT INTO asistencias (id, alumno_id, fecha, presente) VALUES (555, 53, '2025-04-06', 1);   
 INSERT INTO asistencias (id, alumno_id, fecha, presente) VALUES (556, 53, '2025-04-10', 1);   
 INSERT INTO asistencias (id, alumno_id, fecha, presente) VALUES (557, 53, '2025-04-25', 1);   
 INSERT INTO asistencias (id, alumno_id, fecha, presente) VALUES (558, 53, '2025-04-23', 1);   
 INSERT INTO asistencias (id, alumno_id, fecha, presente) VALUES (559, 54, '2025-03-03', 1);   
 INSERT INTO asistencias (id, alumno_id, fecha, presente) VALUES (560, 54, '2025-03-07', 1);   
 INSERT INTO asistencias (id, alumno_id, fecha, presente) VALUES (561, 54, '2025-03-21', 1);   
 INSERT INTO asistencias (id, alumno_id, fecha, presente) VALUES (562, 54, '2025-03-20', 1);   
 INSERT INTO asistencias (id, alumno_id, fecha, presente) VALUES (563, 54, '2025-04-26', 1);   
 INSERT INTO asistencias (id, alumno_id, fecha, presente) VALUES (564, 54, '2025-04-24', 1);   
 INSERT INTO asistencias (id, alumno_id, fecha, presente) VALUES (565, 54, '2025-04-20', 1);   
 INSERT INTO asistencias (id, alumno_id, fecha, presente) VALUES (566, 54, '2025-04-23', 1);   
 INSERT INTO asistencias (id, alumno_id, fecha, presente) VALUES (567, 54, '2025-03-24', 1);   
 INSERT INTO asistencias (id, alumno_id, fecha, presente) VALUES (568, 54, '2025-04-03', 1);   
 INSERT INTO asistencias (id, alumno_id, fecha, presente) VALUES (569, 55, '2025-03-19', 1);   
 INSERT INTO asistencias (id, alumno_id, fecha, presente) VALUES (570, 55, '2025-03-24', 1);   
 INSERT INTO asistencias (id, alumno_id, fecha, presente) VALUES (571, 55, '2025-03-13', 1);   
 INSERT INTO asistencias (id, alumno_id, fecha, presente) VALUES (572, 55, '2025-03-05', 1);   
 INSERT INTO asistencias (id, alumno_id, fecha, presente) VALUES (573, 55, '2025-04-10', 1);   
 INSERT INTO asistencias (id, alumno_id, fecha, presente) VALUES (574, 55, '2025-03-30', 1);   
 INSERT INTO asistencias (id, alumno_id, fecha, presente) VALUES (575, 55, '2025-04-29', 1);   
 INSERT INTO asistencias (id, alumno_id, fecha, presente) VALUES (576, 55, '2025-03-18', 1);   
 INSERT INTO asistencias (id, alumno_id, fecha, presente) VALUES (577, 55, '2025-04-05', 1);   
 INSERT INTO asistencias (id, alumno_id, fecha, presente) VALUES (578, 55, '2025-04-03', 1);   
 INSERT INTO asistencias (id, alumno_id, fecha, presente) VALUES (579, 56, '2025-03-29', 1);   
 INSERT INTO asistencias (id, alumno_id, fecha, presente) VALUES (580, 56, '2025-03-23', 1);   
 INSERT INTO asistencias (id, alumno_id, fecha, presente) VALUES (581, 56, '2025-04-15', 1);   
 INSERT INTO asistencias (id, alumno_id, fecha, presente) VALUES (582, 56, '2025-03-07', 1);   
 INSERT INTO asistencias (id, alumno_id, fecha, presente) VALUES (583, 56, '2025-04-20', 1);   
 INSERT INTO asistencias (id, alumno_id, fecha, presente) VALUES (585, 56, '2025-03-27', 1);   
 INSERT INTO asistencias (id, alumno_id, fecha, presente) VALUES (586, 56, '2025-03-11', 1);   
 INSERT INTO asistencias (id, alumno_id, fecha, presente) VALUES (587, 56, '2025-03-16', 1);   
 INSERT INTO asistencias (id, alumno_id, fecha, presente) VALUES (588, 56, '2025-03-05', 1);   
 INSERT INTO asistencias (id, alumno_id, fecha, presente) VALUES (589, 57, '2025-04-22', 1);   
 INSERT INTO asistencias (id, alumno_id, fecha, presente) VALUES (590, 57, '2025-03-30', 1);   
 INSERT INTO asistencias (id, alumno_id, fecha, presente) VALUES (591, 57, '2025-03-02', 1);   
 INSERT INTO asistencias (id, alumno_id, fecha, presente) VALUES (592, 57, '2025-03-18', 1);   
 INSERT INTO asistencias (id, alumno_id, fecha, presente) VALUES (593, 57, '2025-04-29', 1);   
 INSERT INTO asistencias (id, alumno_id, fecha, presente) VALUES (594, 57, '2025-04-30', 1);   
 INSERT INTO asistencias (id, alumno_id, fecha, presente) VALUES (595, 57, '2025-03-09', 1);   
 INSERT INTO asistencias (id, alumno_id, fecha, presente) VALUES (597, 57, '2025-04-24', 1);   
 INSERT INTO asistencias (id, alumno_id, fecha, presente) VALUES (598, 57, '2025-04-14', 1);   
 INSERT INTO asistencias (id, alumno_id, fecha, presente) VALUES (599, 58, '2025-03-20', 1);   
 INSERT INTO asistencias (id, alumno_id, fecha, presente) VALUES (600, 58, '2025-03-07', 1);   
 INSERT INTO asistencias (id, alumno_id, fecha, presente) VALUES (601, 58, '2025-03-14', 1);   
 INSERT INTO asistencias (id, alumno_id, fecha, presente) VALUES (602, 58, '2025-03-09', 1);   
 INSERT INTO asistencias (id, alumno_id, fecha, presente) VALUES (604, 58, '2025-03-12', 1);   
 INSERT INTO asistencias (id, alumno_id, fecha, presente) VALUES (605, 58, '2025-04-02', 1);   
 INSERT INTO asistencias (id, alumno_id, fecha, presente) VALUES (606, 58, '2025-03-21', 1);   
 INSERT INTO asistencias (id, alumno_id, fecha, presente) VALUES (607, 58, '2025-04-27', 1);   
 INSERT INTO asistencias (id, alumno_id, fecha, presente) VALUES (608, 58, '2025-04-11', 1);   
 INSERT INTO asistencias (id, alumno_id, fecha, presente) VALUES (609, 59, '2025-04-15', 1);   
 INSERT INTO asistencias (id, alumno_id, fecha, presente) VALUES (610, 59, '2025-04-26', 1);   
 INSERT INTO asistencias (id, alumno_id, fecha, presente) VALUES (611, 59, '2025-04-03', 1);   
 INSERT INTO asistencias (id, alumno_id, fecha, presente) VALUES (612, 59, '2025-03-23', 1);   
 INSERT INTO asistencias (id, alumno_id, fecha, presente) VALUES (613, 59, '2025-03-13', 1);   
 INSERT INTO asistencias (id, alumno_id, fecha, presente) VALUES (614, 59, '2025-03-30', 1);   
 INSERT INTO asistencias (id, alumno_id, fecha, presente) VALUES (615, 59, '2025-04-11', 1);   
 INSERT INTO asistencias (id, alumno_id, fecha, presente) VALUES (616, 59, '2025-04-07', 1);   
 INSERT INTO asistencias (id, alumno_id, fecha, presente) VALUES (617, 59, '2025-03-10', 1);   
 INSERT INTO asistencias (id, alumno_id, fecha, presente) VALUES (618, 59, '2025-04-05', 1);   
 INSERT INTO asistencias (id, alumno_id, fecha, presente) VALUES (619, 60, '2025-04-28', 1);   
 INSERT INTO asistencias (id, alumno_id, fecha, presente) VALUES (620, 60, '2025-04-21', 1);   
 INSERT INTO asistencias (id, alumno_id, fecha, presente) VALUES (621, 60, '2025-03-07', 1);   
 INSERT INTO asistencias (id, alumno_id, fecha, presente) VALUES (622, 60, '2025-03-14', 1);   
 INSERT INTO asistencias (id, alumno_id, fecha, presente) VALUES (623, 60, '2025-04-18', 1);   
 INSERT INTO asistencias (id, alumno_id, fecha, presente) VALUES (624, 60, '2025-03-21', 1);   
 INSERT INTO asistencias (id, alumno_id, fecha, presente) VALUES (625, 60, '2025-04-25', 1);   
 INSERT INTO asistencias (id, alumno_id, fecha, presente) VALUES (626, 60, '2025-04-01', 1);   
 INSERT INTO asistencias (id, alumno_id, fecha, presente) VALUES (627, 60, '2025-03-25', 1);   
 INSERT INTO asistencias (id, alumno_id, fecha, presente) VALUES (628, 60, '2025-04-20', 1);   
 INSERT INTO asistencias (id, alumno_id, fecha, presente) VALUES (629, 61, '2025-03-13', 1);   
 INSERT INTO asistencias (id, alumno_id, fecha, presente) VALUES (630, 61, '2025-03-21', 1);   
 INSERT INTO asistencias (id, alumno_id, fecha, presente) VALUES (631, 61, '2025-04-13', 1);   
 INSERT INTO asistencias (id, alumno_id, fecha, presente) VALUES (632, 61, '2025-03-20', 1);   
 INSERT INTO asistencias (id, alumno_id, fecha, presente) VALUES (633, 61, '2025-04-17', 1);   
 INSERT INTO asistencias (id, alumno_id, fecha, presente) VALUES (634, 61, '2025-03-04', 1);   
 INSERT INTO asistencias (id, alumno_id, fecha, presente) VALUES (635, 61, '2025-03-07', 1);   
 INSERT INTO asistencias (id, alumno_id, fecha, presente) VALUES (636, 61, '2025-03-15', 1);   
 INSERT INTO asistencias (id, alumno_id, fecha, presente) VALUES (637, 61, '2025-03-06', 1);   
 INSERT INTO asistencias (id, alumno_id, fecha, presente) VALUES (638, 61, '2025-04-26', 1);   
 INSERT INTO asistencias (id, alumno_id, fecha, presente) VALUES (639, 62, '2025-04-13', 1);   
 INSERT INTO asistencias (id, alumno_id, fecha, presente) VALUES (640, 62, '2025-04-07', 1);   
 INSERT INTO asistencias (id, alumno_id, fecha, presente) VALUES (641, 62, '2025-04-10', 1);   
 INSERT INTO asistencias (id, alumno_id, fecha, presente) VALUES (643, 62, '2025-04-20', 1);   
 INSERT INTO asistencias (id, alumno_id, fecha, presente) VALUES (644, 62, '2025-04-30', 1);   
 INSERT INTO asistencias (id, alumno_id, fecha, presente) VALUES (645, 62, '2025-03-06', 1);   
 INSERT INTO asistencias (id, alumno_id, fecha, presente) VALUES (646, 62, '2025-03-12', 1);   
 INSERT INTO asistencias (id, alumno_id, fecha, presente) VALUES (647, 62, '2025-04-16', 1);   
 INSERT INTO asistencias (id, alumno_id, fecha, presente) VALUES (648, 62, '2025-03-19', 1);   
 INSERT INTO asistencias (id, alumno_id, fecha, presente) VALUES (649, 63, '2025-03-01', 1);   
 INSERT INTO asistencias (id, alumno_id, fecha, presente) VALUES (650, 63, '2025-04-20', 1);   
 INSERT INTO asistencias (id, alumno_id, fecha, presente) VALUES (651, 63, '2025-03-24', 1);   
 INSERT INTO asistencias (id, alumno_id, fecha, presente) VALUES (652, 63, '2025-04-06', 1);   
 INSERT INTO asistencias (id, alumno_id, fecha, presente) VALUES (653, 63, '2025-03-31', 1);   
 INSERT INTO asistencias (id, alumno_id, fecha, presente) VALUES (654, 63, '2025-04-25', 1);   
 INSERT INTO asistencias (id, alumno_id, fecha, presente) VALUES (655, 63, '2025-04-07', 1);   
 INSERT INTO asistencias (id, alumno_id, fecha, presente) VALUES (656, 63, '2025-04-22', 1);   
 INSERT INTO asistencias (id, alumno_id, fecha, presente) VALUES (657, 63, '2025-03-19', 1);   
 INSERT INTO asistencias (id, alumno_id, fecha, presente) VALUES (658, 63, '2025-03-16', 1);   
 INSERT INTO asistencias (id, alumno_id, fecha, presente) VALUES (659, 64, '2025-04-03', 1);   
 INSERT INTO asistencias (id, alumno_id, fecha, presente) VALUES (660, 64, '2025-04-04', 1);   
 INSERT INTO asistencias (id, alumno_id, fecha, presente) VALUES (662, 64, '2025-04-29', 1);   
 INSERT INTO asistencias (id, alumno_id, fecha, presente) VALUES (663, 64, '2025-03-24', 1);   
 INSERT INTO asistencias (id, alumno_id, fecha, presente) VALUES (664, 64, '2025-03-11', 1);   
 INSERT INTO asistencias (id, alumno_id, fecha, presente) VALUES (665, 64, '2025-03-22', 1);   
 INSERT INTO asistencias (id, alumno_id, fecha, presente) VALUES (666, 64, '2025-03-25', 1);   
 INSERT INTO asistencias (id, alumno_id, fecha, presente) VALUES (668, 64, '2025-04-30', 1);   
 INSERT INTO asistencias (id, alumno_id, fecha, presente) VALUES (669, 65, '2025-03-29', 1);   
 INSERT INTO asistencias (id, alumno_id, fecha, presente) VALUES (670, 65, '2025-03-10', 1);   
 INSERT INTO asistencias (id, alumno_id, fecha, presente) VALUES (671, 65, '2025-04-19', 1);   
 INSERT INTO asistencias (id, alumno_id, fecha, presente) VALUES (672, 65, '2025-04-29', 1);   
 INSERT INTO asistencias (id, alumno_id, fecha, presente) VALUES (673, 65, '2025-03-25', 1);   
 INSERT INTO asistencias (id, alumno_id, fecha, presente) VALUES (674, 65, '2025-03-28', 1);   
 INSERT INTO asistencias (id, alumno_id, fecha, presente) VALUES (676, 65, '2025-03-06', 1);   
 INSERT INTO asistencias (id, alumno_id, fecha, presente) VALUES (677, 65, '2025-04-24', 1);   
 INSERT INTO asistencias (id, alumno_id, fecha, presente) VALUES (678, 65, '2025-04-23', 1);   
 INSERT INTO asistencias (id, alumno_id, fecha, presente) VALUES (679, 66, '2025-04-27', 1);   
 INSERT INTO asistencias (id, alumno_id, fecha, presente) VALUES (680, 66, '2025-03-22', 1);   
 INSERT INTO asistencias (id, alumno_id, fecha, presente) VALUES (681, 66, '2025-04-28', 1);   
 INSERT INTO asistencias (id, alumno_id, fecha, presente) VALUES (682, 66, '2025-03-14', 1);   
 INSERT INTO asistencias (id, alumno_id, fecha, presente) VALUES (684, 66, '2025-04-05', 1);   
 INSERT INTO asistencias (id, alumno_id, fecha, presente) VALUES (686, 66, '2025-04-07', 1);   
 INSERT INTO asistencias (id, alumno_id, fecha, presente) VALUES (687, 66, '2025-04-09', 1);   
 INSERT INTO asistencias (id, alumno_id, fecha, presente) VALUES (688, 66, '2025-04-16', 1);   
 INSERT INTO asistencias (id, alumno_id, fecha, presente) VALUES (689, 67, '2025-03-03', 1);   
 INSERT INTO asistencias (id, alumno_id, fecha, presente) VALUES (690, 67, '2025-03-07', 1);   
 INSERT INTO asistencias (id, alumno_id, fecha, presente) VALUES (691, 67, '2025-03-13', 1);   
 INSERT INTO asistencias (id, alumno_id, fecha, presente) VALUES (692, 67, '2025-03-09', 1);   
 INSERT INTO asistencias (id, alumno_id, fecha, presente) VALUES (693, 67, '2025-03-11', 1);   
 INSERT INTO asistencias (id, alumno_id, fecha, presente) VALUES (694, 67, '2025-03-23', 1);   
 INSERT INTO asistencias (id, alumno_id, fecha, presente) VALUES (695, 67, '2025-04-23', 1);   
 INSERT INTO asistencias (id, alumno_id, fecha, presente) VALUES (696, 67, '2025-04-04', 1);   
 INSERT INTO asistencias (id, alumno_id, fecha, presente) VALUES (697, 67, '2025-03-10', 1);   
 INSERT INTO asistencias (id, alumno_id, fecha, presente) VALUES (699, 68, '2025-03-08', 1);   
 INSERT INTO asistencias (id, alumno_id, fecha, presente) VALUES (700, 68, '2025-04-22', 1);   
 INSERT INTO asistencias (id, alumno_id, fecha, presente) VALUES (701, 68, '2025-03-05', 1);   
 INSERT INTO asistencias (id, alumno_id, fecha, presente) VALUES (702, 68, '2025-03-06', 1);   
 INSERT INTO asistencias (id, alumno_id, fecha, presente) VALUES (703, 68, '2025-04-11', 1);   
 INSERT INTO asistencias (id, alumno_id, fecha, presente) VALUES (704, 68, '2025-04-21', 1);   
 INSERT INTO asistencias (id, alumno_id, fecha, presente) VALUES (705, 68, '2025-03-28', 1);   
 INSERT INTO asistencias (id, alumno_id, fecha, presente) VALUES (706, 68, '2025-03-09', 1);   
 INSERT INTO asistencias (id, alumno_id, fecha, presente) VALUES (708, 68, '2025-03-31', 1);   
 INSERT INTO asistencias (id, alumno_id, fecha, presente) VALUES (709, 69, '2025-04-12', 1);   
 INSERT INTO asistencias (id, alumno_id, fecha, presente) VALUES (710, 69, '2025-03-14', 1);   
 INSERT INTO asistencias (id, alumno_id, fecha, presente) VALUES (711, 69, '2025-04-18', 1);   
 INSERT INTO asistencias (id, alumno_id, fecha, presente) VALUES (712, 69, '2025-04-07', 1);   
 INSERT INTO asistencias (id, alumno_id, fecha, presente) VALUES (713, 69, '2025-03-29', 1);   
 INSERT INTO asistencias (id, alumno_id, fecha, presente) VALUES (714, 69, '2025-03-15', 1);   
 INSERT INTO asistencias (id, alumno_id, fecha, presente) VALUES (715, 69, '2025-03-02', 1);   
 INSERT INTO asistencias (id, alumno_id, fecha, presente) VALUES (716, 69, '2025-04-08', 1);   
 INSERT INTO asistencias (id, alumno_id, fecha, presente) VALUES (718, 69, '2025-04-24', 1);   
 INSERT INTO asistencias (id, alumno_id, fecha, presente) VALUES (719, 70, '2025-03-04', 1);   
 INSERT INTO asistencias (id, alumno_id, fecha, presente) VALUES (720, 70, '2025-03-23', 1);   
 INSERT INTO asistencias (id, alumno_id, fecha, presente) VALUES (721, 70, '2025-03-20', 1);   
 INSERT INTO asistencias (id, alumno_id, fecha, presente) VALUES (722, 70, '2025-03-12', 1);   
 INSERT INTO asistencias (id, alumno_id, fecha, presente) VALUES (723, 70, '2025-04-29', 1);   
 INSERT INTO asistencias (id, alumno_id, fecha, presente) VALUES (724, 70, '2025-04-08', 1);   
 INSERT INTO asistencias (id, alumno_id, fecha, presente) VALUES (725, 70, '2025-04-06', 1);   
 INSERT INTO asistencias (id, alumno_id, fecha, presente) VALUES (726, 70, '2025-03-13', 1);   
 INSERT INTO asistencias (id, alumno_id, fecha, presente) VALUES (727, 70, '2025-04-09', 1);   
 INSERT INTO asistencias (id, alumno_id, fecha, presente) VALUES (728, 70, '2025-03-26', 1);   
 INSERT INTO asistencias (id, alumno_id, fecha, presente) VALUES (729, 71, '2025-03-27', 1);   
 INSERT INTO asistencias (id, alumno_id, fecha, presente) VALUES (730, 71, '2025-03-18', 1);   
 INSERT INTO asistencias (id, alumno_id, fecha, presente) VALUES (731, 71, '2025-03-24', 1);   
 INSERT INTO asistencias (id, alumno_id, fecha, presente) VALUES (733, 71, '2025-04-20', 1);   
 INSERT INTO asistencias (id, alumno_id, fecha, presente) VALUES (734, 71, '2025-03-28', 1);   
 INSERT INTO asistencias (id, alumno_id, fecha, presente) VALUES (735, 71, '2025-04-29', 1);   
 INSERT INTO asistencias (id, alumno_id, fecha, presente) VALUES (736, 71, '2025-04-25', 1);   
 INSERT INTO asistencias (id, alumno_id, fecha, presente) VALUES (737, 71, '2025-03-10', 1);   
 INSERT INTO asistencias (id, alumno_id, fecha, presente) VALUES (738, 71, '2025-04-19', 1);   
 INSERT INTO asistencias (id, alumno_id, fecha, presente) VALUES (739, 72, '2025-03-18', 1);   
 INSERT INTO asistencias (id, alumno_id, fecha, presente) VALUES (740, 72, '2025-03-03', 1);   
 INSERT INTO asistencias (id, alumno_id, fecha, presente) VALUES (741, 72, '2025-04-29', 1);   
 INSERT INTO asistencias (id, alumno_id, fecha, presente) VALUES (742, 72, '2025-03-25', 1);   
 INSERT INTO asistencias (id, alumno_id, fecha, presente) VALUES (743, 72, '2025-03-10', 1);   
 INSERT INTO asistencias (id, alumno_id, fecha, presente) VALUES (744, 72, '2025-04-22', 1);   
 INSERT INTO asistencias (id, alumno_id, fecha, presente) VALUES (745, 72, '2025-03-08', 1);   
 INSERT INTO asistencias (id, alumno_id, fecha, presente) VALUES (746, 72, '2025-04-04', 1);   
 INSERT INTO asistencias (id, alumno_id, fecha, presente) VALUES (747, 72, '2025-03-24', 1);   
 INSERT INTO asistencias (id, alumno_id, fecha, presente) VALUES (748, 72, '2025-04-15', 1);   
 INSERT INTO asistencias (id, alumno_id, fecha, presente) VALUES (749, 73, '2025-03-01', 1);   
 INSERT INTO asistencias (id, alumno_id, fecha, presente) VALUES (750, 73, '2025-03-24', 1);   
 INSERT INTO asistencias (id, alumno_id, fecha, presente) VALUES (751, 73, '2025-03-21', 1);   
 INSERT INTO asistencias (id, alumno_id, fecha, presente) VALUES (752, 73, '2025-03-11', 1);   
 INSERT INTO asistencias (id, alumno_id, fecha, presente) VALUES (753, 73, '2025-03-12', 1);   
 INSERT INTO asistencias (id, alumno_id, fecha, presente) VALUES (754, 73, '2025-04-01', 1);   
 INSERT INTO asistencias (id, alumno_id, fecha, presente) VALUES (755, 73, '2025-04-13', 1);   
 INSERT INTO asistencias (id, alumno_id, fecha, presente) VALUES (756, 73, '2025-03-03', 1);   
 INSERT INTO asistencias (id, alumno_id, fecha, presente) VALUES (757, 73, '2025-04-23', 1);   
 INSERT INTO asistencias (id, alumno_id, fecha, presente) VALUES (758, 73, '2025-03-22', 1);   
 INSERT INTO asistencias (id, alumno_id, fecha, presente) VALUES (759, 74, '2025-04-13', 1);   
 INSERT INTO asistencias (id, alumno_id, fecha, presente) VALUES (760, 74, '2025-04-03', 1);   
 INSERT INTO asistencias (id, alumno_id, fecha, presente) VALUES (761, 74, '2025-04-08', 1);   
 INSERT INTO asistencias (id, alumno_id, fecha, presente) VALUES (762, 74, '2025-04-12', 1);   
 INSERT INTO asistencias (id, alumno_id, fecha, presente) VALUES (763, 74, '2025-04-18', 1);   
 INSERT INTO asistencias (id, alumno_id, fecha, presente) VALUES (764, 74, '2025-04-11', 1);   
 INSERT INTO asistencias (id, alumno_id, fecha, presente) VALUES (765, 74, '2025-03-08', 1);   
 INSERT INTO asistencias (id, alumno_id, fecha, presente) VALUES (766, 74, '2025-04-26', 1);   
 INSERT INTO asistencias (id, alumno_id, fecha, presente) VALUES (768, 74, '2025-04-28', 1);   
 INSERT INTO asistencias (id, alumno_id, fecha, presente) VALUES (769, 75, '2025-03-10', 1);   
 INSERT INTO asistencias (id, alumno_id, fecha, presente) VALUES (770, 75, '2025-03-18', 1);   
 INSERT INTO asistencias (id, alumno_id, fecha, presente) VALUES (771, 75, '2025-03-12', 1);   
 INSERT INTO asistencias (id, alumno_id, fecha, presente) VALUES (773, 75, '2025-03-19', 1);   
 INSERT INTO asistencias (id, alumno_id, fecha, presente) VALUES (774, 75, '2025-04-17', 1);   
 INSERT INTO asistencias (id, alumno_id, fecha, presente) VALUES (775, 75, '2025-03-31', 1);   
 INSERT INTO asistencias (id, alumno_id, fecha, presente) VALUES (776, 75, '2025-03-25', 1);   
 INSERT INTO asistencias (id, alumno_id, fecha, presente) VALUES (777, 75, '2025-03-11', 1);   
 INSERT INTO asistencias (id, alumno_id, fecha, presente) VALUES (778, 75, '2025-03-29', 1);   
 INSERT INTO asistencias (id, alumno_id, fecha, presente) VALUES (779, 76, '2025-04-03', 1);   
 INSERT INTO asistencias (id, alumno_id, fecha, presente) VALUES (780, 76, '2025-03-21', 1);   
 INSERT INTO asistencias (id, alumno_id, fecha, presente) VALUES (781, 76, '2025-04-19', 1);   
 INSERT INTO asistencias (id, alumno_id, fecha, presente) VALUES (782, 76, '2025-03-13', 1);   
 INSERT INTO asistencias (id, alumno_id, fecha, presente) VALUES (783, 76, '2025-03-08', 1);   
 INSERT INTO asistencias (id, alumno_id, fecha, presente) VALUES (785, 76, '2025-03-10', 1);   
 INSERT INTO asistencias (id, alumno_id, fecha, presente) VALUES (786, 76, '2025-03-12', 1);   
 INSERT INTO asistencias (id, alumno_id, fecha, presente) VALUES (787, 76, '2025-04-11', 1);   
 INSERT INTO asistencias (id, alumno_id, fecha, presente) VALUES (788, 76, '2025-03-30', 1);   
 INSERT INTO asistencias (id, alumno_id, fecha, presente) VALUES (789, 77, '2025-04-12', 1);   
 INSERT INTO asistencias (id, alumno_id, fecha, presente) VALUES (790, 77, '2025-03-04', 1);   
 INSERT INTO asistencias (id, alumno_id, fecha, presente) VALUES (791, 77, '2025-04-09', 1);   
 INSERT INTO asistencias (id, alumno_id, fecha, presente) VALUES (792, 77, '2025-04-28', 1);   
 INSERT INTO asistencias (id, alumno_id, fecha, presente) VALUES (793, 77, '2025-04-24', 1);   
 INSERT INTO asistencias (id, alumno_id, fecha, presente) VALUES (794, 77, '2025-04-25', 1);   
 INSERT INTO asistencias (id, alumno_id, fecha, presente) VALUES (795, 77, '2025-04-19', 1);   
 INSERT INTO asistencias (id, alumno_id, fecha, presente) VALUES (796, 77, '2025-04-02', 1);   
 INSERT INTO asistencias (id, alumno_id, fecha, presente) VALUES (797, 77, '2025-04-07', 1);   
 INSERT INTO asistencias (id, alumno_id, fecha, presente) VALUES (799, 78, '2025-03-27', 1);   
 INSERT INTO asistencias (id, alumno_id, fecha, presente) VALUES (800, 78, '2025-03-01', 1);   
 INSERT INTO asistencias (id, alumno_id, fecha, presente) VALUES (801, 78, '2025-04-10', 1);   
 INSERT INTO asistencias (id, alumno_id, fecha, presente) VALUES (803, 78, '2025-03-31', 1);   
 INSERT INTO asistencias (id, alumno_id, fecha, presente) VALUES (804, 78, '2025-04-30', 1);   
 INSERT INTO asistencias (id, alumno_id, fecha, presente) VALUES (805, 78, '2025-03-11', 1);   
 INSERT INTO asistencias (id, alumno_id, fecha, presente) VALUES (806, 78, '2025-04-20', 1);   
 INSERT INTO asistencias (id, alumno_id, fecha, presente) VALUES (807, 78, '2025-03-02', 1);   
 INSERT INTO asistencias (id, alumno_id, fecha, presente) VALUES (808, 78, '2025-04-21', 1);   
 INSERT INTO asistencias (id, alumno_id, fecha, presente) VALUES (809, 79, '2025-04-16', 1);   
 INSERT INTO asistencias (id, alumno_id, fecha, presente) VALUES (810, 79, '2025-03-19', 1);   
 INSERT INTO asistencias (id, alumno_id, fecha, presente) VALUES (811, 79, '2025-03-31', 1);   
 INSERT INTO asistencias (id, alumno_id, fecha, presente) VALUES (812, 79, '2025-04-17', 1);   
 INSERT INTO asistencias (id, alumno_id, fecha, presente) VALUES (813, 79, '2025-03-02', 1);   
 INSERT INTO asistencias (id, alumno_id, fecha, presente) VALUES (814, 79, '2025-04-12', 1);   
 INSERT INTO asistencias (id, alumno_id, fecha, presente) VALUES (816, 79, '2025-04-26', 1);   
 INSERT INTO asistencias (id, alumno_id, fecha, presente) VALUES (817, 79, '2025-04-06', 1);   
 INSERT INTO asistencias (id, alumno_id, fecha, presente) VALUES (818, 79, '2025-03-06', 1);   
 INSERT INTO asistencias (id, alumno_id, fecha, presente) VALUES (819, 80, '2025-03-26', 1);   
 INSERT INTO asistencias (id, alumno_id, fecha, presente) VALUES (820, 80, '2025-04-21', 1);   
 INSERT INTO asistencias (id, alumno_id, fecha, presente) VALUES (821, 80, '2025-03-09', 1);   
 INSERT INTO asistencias (id, alumno_id, fecha, presente) VALUES (823, 80, '2025-04-13', 1);   
 INSERT INTO asistencias (id, alumno_id, fecha, presente) VALUES (824, 80, '2025-03-14', 1);   
 INSERT INTO asistencias (id, alumno_id, fecha, presente) VALUES (825, 80, '2025-04-14', 1);   
 INSERT INTO asistencias (id, alumno_id, fecha, presente) VALUES (826, 80, '2025-04-02', 1);   
 INSERT INTO asistencias (id, alumno_id, fecha, presente) VALUES (827, 80, '2025-03-30', 1);   
 INSERT INTO asistencias (id, alumno_id, fecha, presente) VALUES (829, 81, '2025-03-06', 1);   
 INSERT INTO asistencias (id, alumno_id, fecha, presente) VALUES (830, 81, '2025-04-01', 1);   
 INSERT INTO asistencias (id, alumno_id, fecha, presente) VALUES (831, 81, '2025-04-13', 1);   
 INSERT INTO asistencias (id, alumno_id, fecha, presente) VALUES (832, 81, '2025-04-25', 1);   
 INSERT INTO asistencias (id, alumno_id, fecha, presente) VALUES (833, 81, '2025-03-04', 1);   
 INSERT INTO asistencias (id, alumno_id, fecha, presente) VALUES (834, 81, '2025-04-08', 1);   
 INSERT INTO asistencias (id, alumno_id, fecha, presente) VALUES (835, 81, '2025-03-16', 1);   
 INSERT INTO asistencias (id, alumno_id, fecha, presente) VALUES (837, 81, '2025-03-07', 1);   
 INSERT INTO asistencias (id, alumno_id, fecha, presente) VALUES (838, 81, '2025-04-30', 1);   
 INSERT INTO asistencias (id, alumno_id, fecha, presente) VALUES (839, 82, '2025-04-12', 1);   
 INSERT INTO asistencias (id, alumno_id, fecha, presente) VALUES (840, 82, '2025-03-28', 1);   
 INSERT INTO asistencias (id, alumno_id, fecha, presente) VALUES (841, 82, '2025-04-02', 1);   
 INSERT INTO asistencias (id, alumno_id, fecha, presente) VALUES (842, 82, '2025-04-19', 1);   
 INSERT INTO asistencias (id, alumno_id, fecha, presente) VALUES (843, 82, '2025-04-06', 1);   
 INSERT INTO asistencias (id, alumno_id, fecha, presente) VALUES (844, 82, '2025-04-04', 1);   
 INSERT INTO asistencias (id, alumno_id, fecha, presente) VALUES (845, 82, '2025-03-07', 1);   
 INSERT INTO asistencias (id, alumno_id, fecha, presente) VALUES (846, 82, '2025-03-26', 1);   
 INSERT INTO asistencias (id, alumno_id, fecha, presente) VALUES (847, 82, '2025-04-17', 1);   
 INSERT INTO asistencias (id, alumno_id, fecha, presente) VALUES (849, 83, '2025-04-28', 1);   
 INSERT INTO asistencias (id, alumno_id, fecha, presente) VALUES (850, 83, '2025-03-11', 1);   
 INSERT INTO asistencias (id, alumno_id, fecha, presente) VALUES (851, 83, '2025-03-10', 1);   
 INSERT INTO asistencias (id, alumno_id, fecha, presente) VALUES (852, 83, '2025-04-13', 1);   
 INSERT INTO asistencias (id, alumno_id, fecha, presente) VALUES (853, 83, '2025-04-29', 1);   
 INSERT INTO asistencias (id, alumno_id, fecha, presente) VALUES (854, 83, '2025-03-02', 1);   
 INSERT INTO asistencias (id, alumno_id, fecha, presente) VALUES (855, 83, '2025-04-08', 1);   
 INSERT INTO asistencias (id, alumno_id, fecha, presente) VALUES (856, 83, '2025-04-24', 1);   
 INSERT INTO asistencias (id, alumno_id, fecha, presente) VALUES (857, 83, '2025-04-27', 1);   
 INSERT INTO asistencias (id, alumno_id, fecha, presente) VALUES (858, 83, '2025-04-20', 1);   
 INSERT INTO asistencias (id, alumno_id, fecha, presente) VALUES (859, 84, '2025-04-13', 1);   
 INSERT INTO asistencias (id, alumno_id, fecha, presente) VALUES (860, 84, '2025-04-04', 1);   
 INSERT INTO asistencias (id, alumno_id, fecha, presente) VALUES (861, 84, '2025-04-29', 1);   
 INSERT INTO asistencias (id, alumno_id, fecha, presente) VALUES (862, 84, '2025-04-06', 1);   
 INSERT INTO asistencias (id, alumno_id, fecha, presente) VALUES (863, 84, '2025-03-27', 1);   
 INSERT INTO asistencias (id, alumno_id, fecha, presente) VALUES (864, 84, '2025-03-02', 1);   
 INSERT INTO asistencias (id, alumno_id, fecha, presente) VALUES (865, 84, '2025-03-05', 1);   
 INSERT INTO asistencias (id, alumno_id, fecha, presente) VALUES (866, 84, '2025-03-29', 1);   
 INSERT INTO asistencias (id, alumno_id, fecha, presente) VALUES (867, 84, '2025-04-11', 1);   
 INSERT INTO asistencias (id, alumno_id, fecha, presente) VALUES (869, 85, '2025-03-17', 1);   
 INSERT INTO asistencias (id, alumno_id, fecha, presente) VALUES (870, 85, '2025-04-09', 1);   
 INSERT INTO asistencias (id, alumno_id, fecha, presente) VALUES (871, 85, '2025-04-15', 1);   
 INSERT INTO asistencias (id, alumno_id, fecha, presente) VALUES (872, 85, '2025-04-17', 1);   
 INSERT INTO asistencias (id, alumno_id, fecha, presente) VALUES (873, 85, '2025-03-26', 1);   
 INSERT INTO asistencias (id, alumno_id, fecha, presente) VALUES (874, 85, '2025-03-30', 1);   
 INSERT INTO asistencias (id, alumno_id, fecha, presente) VALUES (876, 85, '2025-03-13', 1);   
 INSERT INTO asistencias (id, alumno_id, fecha, presente) VALUES (877, 85, '2025-04-07', 1);   
 INSERT INTO asistencias (id, alumno_id, fecha, presente) VALUES (878, 85, '2025-03-09', 1);   
 INSERT INTO asistencias (id, alumno_id, fecha, presente) VALUES (879, 86, '2025-03-17', 1);   
 INSERT INTO asistencias (id, alumno_id, fecha, presente) VALUES (880, 86, '2025-04-12', 1);   
 INSERT INTO asistencias (id, alumno_id, fecha, presente) VALUES (881, 86, '2025-03-30', 1);   
 INSERT INTO asistencias (id, alumno_id, fecha, presente) VALUES (882, 86, '2025-04-26', 1);   
 INSERT INTO asistencias (id, alumno_id, fecha, presente) VALUES (883, 86, '2025-03-31', 1);   
 INSERT INTO asistencias (id, alumno_id, fecha, presente) VALUES (884, 86, '2025-04-15', 1);   
 INSERT INTO asistencias (id, alumno_id, fecha, presente) VALUES (885, 86, '2025-04-22', 1);   
 INSERT INTO asistencias (id, alumno_id, fecha, presente) VALUES (886, 86, '2025-04-04', 1);   
 INSERT INTO asistencias (id, alumno_id, fecha, presente) VALUES (887, 86, '2025-04-05', 1);   
 INSERT INTO asistencias (id, alumno_id, fecha, presente) VALUES (888, 86, '2025-04-29', 1);   
 INSERT INTO asistencias (id, alumno_id, fecha, presente) VALUES (889, 87, '2025-03-31', 1);   
 INSERT INTO asistencias (id, alumno_id, fecha, presente) VALUES (890, 87, '2025-03-13', 1);   
 INSERT INTO asistencias (id, alumno_id, fecha, presente) VALUES (891, 87, '2025-04-15', 1);   
 INSERT INTO asistencias (id, alumno_id, fecha, presente) VALUES (892, 87, '2025-03-24', 1);   
 INSERT INTO asistencias (id, alumno_id, fecha, presente) VALUES (893, 87, '2025-03-09', 1);   
 INSERT INTO asistencias (id, alumno_id, fecha, presente) VALUES (894, 87, '2025-04-12', 1);   
 INSERT INTO asistencias (id, alumno_id, fecha, presente) VALUES (896, 87, '2025-03-15', 1);   
 INSERT INTO asistencias (id, alumno_id, fecha, presente) VALUES (898, 87, '2025-04-04', 1);   
 INSERT INTO asistencias (id, alumno_id, fecha, presente) VALUES (899, 88, '2025-03-18', 1);   
 INSERT INTO asistencias (id, alumno_id, fecha, presente) VALUES (900, 88, '2025-04-25', 1);   
 INSERT INTO asistencias (id, alumno_id, fecha, presente) VALUES (901, 88, '2025-04-07', 1);   
 INSERT INTO asistencias (id, alumno_id, fecha, presente) VALUES (902, 88, '2025-04-12', 1);   
 INSERT INTO asistencias (id, alumno_id, fecha, presente) VALUES (903, 88, '2025-03-06', 1);   
 INSERT INTO asistencias (id, alumno_id, fecha, presente) VALUES (904, 88, '2025-04-17', 1);   
 INSERT INTO asistencias (id, alumno_id, fecha, presente) VALUES (905, 88, '2025-04-23', 1);   
 INSERT INTO asistencias (id, alumno_id, fecha, presente) VALUES (906, 88, '2025-03-29', 1);   
 INSERT INTO asistencias (id, alumno_id, fecha, presente) VALUES (907, 88, '2025-03-04', 1);   
 INSERT INTO asistencias (id, alumno_id, fecha, presente) VALUES (908, 88, '2025-04-04', 1);   
 INSERT INTO asistencias (id, alumno_id, fecha, presente) VALUES (909, 89, '2025-04-01', 1);   
 INSERT INTO asistencias (id, alumno_id, fecha, presente) VALUES (910, 89, '2025-04-26', 1);   
 INSERT INTO asistencias (id, alumno_id, fecha, presente) VALUES (911, 89, '2025-04-25', 1);   
 INSERT INTO asistencias (id, alumno_id, fecha, presente) VALUES (912, 89, '2025-04-27', 1);   
 INSERT INTO asistencias (id, alumno_id, fecha, presente) VALUES (913, 89, '2025-04-07', 1);   
 INSERT INTO asistencias (id, alumno_id, fecha, presente) VALUES (915, 89, '2025-04-05', 1);   
 INSERT INTO asistencias (id, alumno_id, fecha, presente) VALUES (916, 89, '2025-04-28', 1);   
 INSERT INTO asistencias (id, alumno_id, fecha, presente) VALUES (917, 89, '2025-03-24', 1);   
 INSERT INTO asistencias (id, alumno_id, fecha, presente) VALUES (919, 90, '2025-03-14', 1);   
 INSERT INTO asistencias (id, alumno_id, fecha, presente) VALUES (920, 90, '2025-03-19', 1);   
 INSERT INTO asistencias (id, alumno_id, fecha, presente) VALUES (921, 90, '2025-03-30', 1);   
 INSERT INTO asistencias (id, alumno_id, fecha, presente) VALUES (922, 90, '2025-04-02', 1);   
 INSERT INTO asistencias (id, alumno_id, fecha, presente) VALUES (923, 90, '2025-04-17', 1);   
 INSERT INTO asistencias (id, alumno_id, fecha, presente) VALUES (924, 90, '2025-03-17', 1);   
 INSERT INTO asistencias (id, alumno_id, fecha, presente) VALUES (925, 90, '2025-03-16', 1);   
 INSERT INTO asistencias (id, alumno_id, fecha, presente) VALUES (927, 90, '2025-03-02', 1);   
 INSERT INTO asistencias (id, alumno_id, fecha, presente) VALUES (928, 90, '2025-03-21', 1);   
 INSERT INTO asistencias (id, alumno_id, fecha, presente) VALUES (929, 91, '2025-03-06', 1);   
 INSERT INTO asistencias (id, alumno_id, fecha, presente) VALUES (930, 91, '2025-04-09', 1);   
 INSERT INTO asistencias (id, alumno_id, fecha, presente) VALUES (931, 91, '2025-03-19', 1);   
 INSERT INTO asistencias (id, alumno_id, fecha, presente) VALUES (932, 91, '2025-04-03', 1);   
 INSERT INTO asistencias (id, alumno_id, fecha, presente) VALUES (933, 91, '2025-03-21', 1);   
 INSERT INTO asistencias (id, alumno_id, fecha, presente) VALUES (934, 91, '2025-04-27', 1);   
 INSERT INTO asistencias (id, alumno_id, fecha, presente) VALUES (935, 91, '2025-03-27', 1);   
 INSERT INTO asistencias (id, alumno_id, fecha, presente) VALUES (936, 91, '2025-04-15', 1);   
 INSERT INTO asistencias (id, alumno_id, fecha, presente) VALUES (937, 91, '2025-03-11', 1);   
 INSERT INTO asistencias (id, alumno_id, fecha, presente) VALUES (938, 91, '2025-04-14', 1);   
 INSERT INTO asistencias (id, alumno_id, fecha, presente) VALUES (939, 92, '2025-03-08', 1);   
 INSERT INTO asistencias (id, alumno_id, fecha, presente) VALUES (940, 92, '2025-03-29', 1);   
 INSERT INTO asistencias (id, alumno_id, fecha, presente) VALUES (941, 92, '2025-04-01', 1);   
 INSERT INTO asistencias (id, alumno_id, fecha, presente) VALUES (942, 92, '2025-04-02', 1);   
 INSERT INTO asistencias (id, alumno_id, fecha, presente) VALUES (943, 92, '2025-03-28', 1);   
 INSERT INTO asistencias (id, alumno_id, fecha, presente) VALUES (944, 92, '2025-03-12', 1);   
 INSERT INTO asistencias (id, alumno_id, fecha, presente) VALUES (945, 92, '2025-04-04', 1);   
 INSERT INTO asistencias (id, alumno_id, fecha, presente) VALUES (946, 92, '2025-03-01', 1);   
 INSERT INTO asistencias (id, alumno_id, fecha, presente) VALUES (947, 92, '2025-04-03', 1);   
 INSERT INTO asistencias (id, alumno_id, fecha, presente) VALUES (949, 93, '2025-04-07', 1);   
 INSERT INTO asistencias (id, alumno_id, fecha, presente) VALUES (950, 93, '2025-03-28', 1);   
 INSERT INTO asistencias (id, alumno_id, fecha, presente) VALUES (951, 93, '2025-04-14', 1);   
 INSERT INTO asistencias (id, alumno_id, fecha, presente) VALUES (952, 93, '2025-04-22', 1);   
 INSERT INTO asistencias (id, alumno_id, fecha, presente) VALUES (953, 93, '2025-03-03', 1);   
 INSERT INTO asistencias (id, alumno_id, fecha, presente) VALUES (954, 93, '2025-03-13', 1);   
 INSERT INTO asistencias (id, alumno_id, fecha, presente) VALUES (955, 93, '2025-03-21', 1);   
 INSERT INTO asistencias (id, alumno_id, fecha, presente) VALUES (956, 93, '2025-03-12', 1);   
 INSERT INTO asistencias (id, alumno_id, fecha, presente) VALUES (957, 93, '2025-03-08', 1);   
 INSERT INTO asistencias (id, alumno_id, fecha, presente) VALUES (958, 93, '2025-03-16', 1);   
 INSERT INTO asistencias (id, alumno_id, fecha, presente) VALUES (959, 94, '2025-03-27', 1);   
 INSERT INTO asistencias (id, alumno_id, fecha, presente) VALUES (960, 94, '2025-04-05', 1);   
 INSERT INTO asistencias (id, alumno_id, fecha, presente) VALUES (961, 94, '2025-04-02', 1);   
 INSERT INTO asistencias (id, alumno_id, fecha, presente) VALUES (962, 94, '2025-03-29', 1);   
 INSERT INTO asistencias (id, alumno_id, fecha, presente) VALUES (963, 94, '2025-03-08', 1);   
 INSERT INTO asistencias (id, alumno_id, fecha, presente) VALUES (964, 94, '2025-03-11', 1);   
 INSERT INTO asistencias (id, alumno_id, fecha, presente) VALUES (965, 94, '2025-04-03', 1);   
 INSERT INTO asistencias (id, alumno_id, fecha, presente) VALUES (966, 94, '2025-03-02', 1);   
 INSERT INTO asistencias (id, alumno_id, fecha, presente) VALUES (967, 94, '2025-03-13', 1);   
 INSERT INTO asistencias (id, alumno_id, fecha, presente) VALUES (968, 94, '2025-03-06', 1);   
 INSERT INTO asistencias (id, alumno_id, fecha, presente) VALUES (969, 95, '2025-03-10', 1);   
 INSERT INTO asistencias (id, alumno_id, fecha, presente) VALUES (970, 95, '2025-04-02', 1);   
 INSERT INTO asistencias (id, alumno_id, fecha, presente) VALUES (971, 95, '2025-04-15', 1);   
 INSERT INTO asistencias (id, alumno_id, fecha, presente) VALUES (972, 95, '2025-03-11', 1);   
 INSERT INTO asistencias (id, alumno_id, fecha, presente) VALUES (973, 95, '2025-03-13', 1);   
 INSERT INTO asistencias (id, alumno_id, fecha, presente) VALUES (974, 95, '2025-04-07', 1);   
 INSERT INTO asistencias (id, alumno_id, fecha, presente) VALUES (975, 95, '2025-04-28', 1);   
 INSERT INTO asistencias (id, alumno_id, fecha, presente) VALUES (976, 95, '2025-04-30', 1);   
 INSERT INTO asistencias (id, alumno_id, fecha, presente) VALUES (977, 95, '2025-04-16', 1);   
 INSERT INTO asistencias (id, alumno_id, fecha, presente) VALUES (978, 95, '2025-03-29', 1);   
 INSERT INTO asistencias (id, alumno_id, fecha, presente) VALUES (979, 96, '2025-04-26', 1);   
 INSERT INTO asistencias (id, alumno_id, fecha, presente) VALUES (980, 96, '2025-03-29', 1);   
 INSERT INTO asistencias (id, alumno_id, fecha, presente) VALUES (981, 96, '2025-04-05', 1);   
 INSERT INTO asistencias (id, alumno_id, fecha, presente) VALUES (982, 96, '2025-03-20', 1);   
 INSERT INTO asistencias (id, alumno_id, fecha, presente) VALUES (983, 96, '2025-03-04', 1);   
 INSERT INTO asistencias (id, alumno_id, fecha, presente) VALUES (984, 96, '2025-03-01', 1);   
 INSERT INTO asistencias (id, alumno_id, fecha, presente) VALUES (985, 96, '2025-03-27', 1);   
 INSERT INTO asistencias (id, alumno_id, fecha, presente) VALUES (986, 96, '2025-03-11', 1);   
 INSERT INTO asistencias (id, alumno_id, fecha, presente) VALUES (987, 96, '2025-03-08', 1);   
 INSERT INTO asistencias (id, alumno_id, fecha, presente) VALUES (989, 97, '2025-04-04', 1);   
 INSERT INTO asistencias (id, alumno_id, fecha, presente) VALUES (990, 97, '2025-04-01', 1);   
 INSERT INTO asistencias (id, alumno_id, fecha, presente) VALUES (991, 97, '2025-04-07', 1);   
 INSERT INTO asistencias (id, alumno_id, fecha, presente) VALUES (992, 97, '2025-04-29', 1);   
 INSERT INTO asistencias (id, alumno_id, fecha, presente) VALUES (993, 97, '2025-04-24', 1);   
 INSERT INTO asistencias (id, alumno_id, fecha, presente) VALUES (994, 97, '2025-04-18', 1);   
 INSERT INTO asistencias (id, alumno_id, fecha, presente) VALUES (995, 97, '2025-03-04', 1);   
 INSERT INTO asistencias (id, alumno_id, fecha, presente) VALUES (996, 97, '2025-04-08', 1);   
 INSERT INTO asistencias (id, alumno_id, fecha, presente) VALUES (997, 97, '2025-04-12', 1);   
 INSERT INTO asistencias (id, alumno_id, fecha, presente) VALUES (998, 97, '2025-04-03', 1);   
 INSERT INTO asistencias (id, alumno_id, fecha, presente) VALUES (999, 98, '2025-03-04', 1);   
 INSERT INTO asistencias (id, alumno_id, fecha, presente) VALUES (1000, 98, '2025-03-18', 1);  
 INSERT INTO asistencias (id, alumno_id, fecha, presente) VALUES (1001, 98, '2025-04-20', 1);  
 INSERT INTO asistencias (id, alumno_id, fecha, presente) VALUES (1002, 98, '2025-03-13', 1);  
 INSERT INTO asistencias (id, alumno_id, fecha, presente) VALUES (1003, 98, '2025-04-23', 1);  
 INSERT INTO asistencias (id, alumno_id, fecha, presente) VALUES (1004, 98, '2025-03-19', 1);  
 INSERT INTO asistencias (id, alumno_id, fecha, presente) VALUES (1005, 98, '2025-03-27', 1);  
 INSERT INTO asistencias (id, alumno_id, fecha, presente) VALUES (1006, 98, '2025-03-15', 1);  
 INSERT INTO asistencias (id, alumno_id, fecha, presente) VALUES (1008, 98, '2025-04-30', 1);  
 INSERT INTO asistencias (id, alumno_id, fecha, presente) VALUES (1009, 99, '2025-04-22', 1);  
 INSERT INTO asistencias (id, alumno_id, fecha, presente) VALUES (1010, 99, '2025-04-07', 1);  
 INSERT INTO asistencias (id, alumno_id, fecha, presente) VALUES (1011, 99, '2025-04-13', 1);  
 INSERT INTO asistencias (id, alumno_id, fecha, presente) VALUES (1012, 99, '2025-04-20', 1);  
 INSERT INTO asistencias (id, alumno_id, fecha, presente) VALUES (1013, 99, '2025-03-16', 1);  
 INSERT INTO asistencias (id, alumno_id, fecha, presente) VALUES (1014, 99, '2025-03-04', 1);  
 INSERT INTO asistencias (id, alumno_id, fecha, presente) VALUES (1016, 99, '2025-03-19', 1);  
 INSERT INTO asistencias (id, alumno_id, fecha, presente) VALUES (1017, 99, '2025-04-18', 1);  
 INSERT INTO asistencias (id, alumno_id, fecha, presente) VALUES (1018, 99, '2025-03-10', 1);  
 INSERT INTO asistencias (id, alumno_id, fecha, presente) VALUES (1019, 100, '2025-03-09', 1); 
 INSERT INTO asistencias (id, alumno_id, fecha, presente) VALUES (1020, 100, '2025-03-03', 1); 
 INSERT INTO asistencias (id, alumno_id, fecha, presente) VALUES (1021, 100, '2025-04-11', 1); 
 INSERT INTO asistencias (id, alumno_id, fecha, presente) VALUES (1022, 100, '2025-03-18', 1); 
 INSERT INTO asistencias (id, alumno_id, fecha, presente) VALUES (1023, 100, '2025-04-07', 1); 
 INSERT INTO asistencias (id, alumno_id, fecha, presente) VALUES (1024, 100, '2025-03-07', 1); 
 INSERT INTO asistencias (id, alumno_id, fecha, presente) VALUES (1025, 100, '2025-04-05', 1); 
 INSERT INTO asistencias (id, alumno_id, fecha, presente) VALUES (1026, 100, '2025-04-17', 1); 
 INSERT INTO asistencias (id, alumno_id, fecha, presente) VALUES (1027, 100, '2025-04-13', 1); 
 INSERT INTO asistencias (id, alumno_id, fecha, presente) VALUES (1029, 101, '2025-04-11', 1); 
 INSERT INTO asistencias (id, alumno_id, fecha, presente) VALUES (1030, 101, '2025-04-25', 1); 
 INSERT INTO asistencias (id, alumno_id, fecha, presente) VALUES (1031, 101, '2025-03-18', 1); 
 INSERT INTO asistencias (id, alumno_id, fecha, presente) VALUES (1032, 101, '2025-04-23', 1); 
 INSERT INTO asistencias (id, alumno_id, fecha, presente) VALUES (1033, 101, '2025-03-30', 1); 
 INSERT INTO asistencias (id, alumno_id, fecha, presente) VALUES (1034, 101, '2025-04-09', 1); 
 INSERT INTO asistencias (id, alumno_id, fecha, presente) VALUES (1035, 101, '2025-04-14', 1); 
 INSERT INTO asistencias (id, alumno_id, fecha, presente) VALUES (1036, 101, '2025-04-19', 1); 
 INSERT INTO asistencias (id, alumno_id, fecha, presente) VALUES (1037, 101, '2025-04-24', 1); 
 INSERT INTO asistencias (id, alumno_id, fecha, presente) VALUES (1038, 101, '2025-04-04', 1); 
 INSERT INTO asistencias (id, alumno_id, fecha, presente) VALUES (1039, 102, '2025-04-30', 1); 
 INSERT INTO asistencias (id, alumno_id, fecha, presente) VALUES (1040, 102, '2025-04-27', 1); 
 INSERT INTO asistencias (id, alumno_id, fecha, presente) VALUES (1041, 102, '2025-03-18', 1); 
 INSERT INTO asistencias (id, alumno_id, fecha, presente) VALUES (1043, 102, '2025-03-11', 1); 
 INSERT INTO asistencias (id, alumno_id, fecha, presente) VALUES (1044, 102, '2025-04-21', 1); 
 INSERT INTO asistencias (id, alumno_id, fecha, presente) VALUES (1045, 102, '2025-03-31', 1); 
 INSERT INTO asistencias (id, alumno_id, fecha, presente) VALUES (1046, 102, '2025-03-02', 1); 
 INSERT INTO asistencias (id, alumno_id, fecha, presente) VALUES (1047, 102, '2025-03-16', 1); 
 INSERT INTO asistencias (id, alumno_id, fecha, presente) VALUES (1048, 102, '2025-04-13', 1); 
 INSERT INTO asistencias (id, alumno_id, fecha, presente) VALUES (1049, 103, '2025-03-11', 1); 
 INSERT INTO asistencias (id, alumno_id, fecha, presente) VALUES (1050, 103, '2025-03-25', 1); 
 INSERT INTO asistencias (id, alumno_id, fecha, presente) VALUES (1051, 103, '2025-04-13', 1); 
 INSERT INTO asistencias (id, alumno_id, fecha, presente) VALUES (1052, 103, '2025-03-30', 1); 
 INSERT INTO asistencias (id, alumno_id, fecha, presente) VALUES (1053, 103, '2025-04-28', 1); 
 INSERT INTO asistencias (id, alumno_id, fecha, presente) VALUES (1055, 103, '2025-03-08', 1); 
 INSERT INTO asistencias (id, alumno_id, fecha, presente) VALUES (1057, 103, '2025-03-21', 1); 
 INSERT INTO asistencias (id, alumno_id, fecha, presente) VALUES (1058, 103, '2025-03-19', 1); 
 INSERT INTO asistencias (id, alumno_id, fecha, presente) VALUES (1059, 104, '2025-04-04', 1); 
 INSERT INTO asistencias (id, alumno_id, fecha, presente) VALUES (1060, 104, '2025-03-05', 1); 
 INSERT INTO asistencias (id, alumno_id, fecha, presente) VALUES (1061, 104, '2025-04-27', 1); 
 INSERT INTO asistencias (id, alumno_id, fecha, presente) VALUES (1062, 104, '2025-03-21', 1); 
 INSERT INTO asistencias (id, alumno_id, fecha, presente) VALUES (1063, 104, '2025-03-04', 1); 
 INSERT INTO asistencias (id, alumno_id, fecha, presente) VALUES (1064, 104, '2025-04-01', 1); 
 INSERT INTO asistencias (id, alumno_id, fecha, presente) VALUES (1065, 104, '2025-03-10', 1); 
 INSERT INTO asistencias (id, alumno_id, fecha, presente) VALUES (1066, 104, '2025-03-28', 1); 
 INSERT INTO asistencias (id, alumno_id, fecha, presente) VALUES (1067, 104, '2025-04-12', 1); 
 INSERT INTO asistencias (id, alumno_id, fecha, presente) VALUES (1068, 104, '2025-03-09', 1); 
 INSERT INTO asistencias (id, alumno_id, fecha, presente) VALUES (1069, 105, '2025-04-20', 1); 
 INSERT INTO asistencias (id, alumno_id, fecha, presente) VALUES (1070, 105, '2025-04-18', 1); 
 INSERT INTO asistencias (id, alumno_id, fecha, presente) VALUES (1071, 105, '2025-03-13', 1); 
 INSERT INTO asistencias (id, alumno_id, fecha, presente) VALUES (1072, 105, '2025-03-10', 1); 
 INSERT INTO asistencias (id, alumno_id, fecha, presente) VALUES (1073, 105, '2025-03-26', 1); 
 INSERT INTO asistencias (id, alumno_id, fecha, presente) VALUES (1074, 105, '2025-03-12', 1); 
 INSERT INTO asistencias (id, alumno_id, fecha, presente) VALUES (1075, 105, '2025-04-21', 1); 
 INSERT INTO asistencias (id, alumno_id, fecha, presente) VALUES (1077, 105, '2025-03-02', 1); 
 INSERT INTO asistencias (id, alumno_id, fecha, presente) VALUES (1078, 105, '2025-03-29', 1); 
 INSERT INTO asistencias (id, alumno_id, fecha, presente) VALUES (1079, 106, '2025-03-10', 1); 
 INSERT INTO asistencias (id, alumno_id, fecha, presente) VALUES (1080, 106, '2025-03-13', 1); 
 INSERT INTO asistencias (id, alumno_id, fecha, presente) VALUES (1081, 106, '2025-03-15', 1); 
 INSERT INTO asistencias (id, alumno_id, fecha, presente) VALUES (1082, 106, '2025-04-05', 1); 
 INSERT INTO asistencias (id, alumno_id, fecha, presente) VALUES (1083, 106, '2025-03-02', 1); 
 INSERT INTO asistencias (id, alumno_id, fecha, presente) VALUES (1084, 106, '2025-03-16', 1); 
 INSERT INTO asistencias (id, alumno_id, fecha, presente) VALUES (1085, 106, '2025-04-13', 1); 
 INSERT INTO asistencias (id, alumno_id, fecha, presente) VALUES (1086, 106, '2025-03-07', 1); 
 INSERT INTO asistencias (id, alumno_id, fecha, presente) VALUES (1087, 106, '2025-03-14', 1); 
 INSERT INTO asistencias (id, alumno_id, fecha, presente) VALUES (1088, 106, '2025-04-25', 1); 
 INSERT INTO asistencias (id, alumno_id, fecha, presente) VALUES (1089, 107, '2025-04-24', 1); 
 INSERT INTO asistencias (id, alumno_id, fecha, presente) VALUES (1090, 107, '2025-03-03', 1); 
 INSERT INTO asistencias (id, alumno_id, fecha, presente) VALUES (1092, 107, '2025-03-19', 1); 
 INSERT INTO asistencias (id, alumno_id, fecha, presente) VALUES (1093, 107, '2025-04-26', 1); 
 INSERT INTO asistencias (id, alumno_id, fecha, presente) VALUES (1095, 107, '2025-03-17', 1); 
 INSERT INTO asistencias (id, alumno_id, fecha, presente) VALUES (1096, 107, '2025-03-12', 1); 
 INSERT INTO asistencias (id, alumno_id, fecha, presente) VALUES (1098, 107, '2025-03-02', 1); 
 INSERT INTO asistencias (id, alumno_id, fecha, presente) VALUES (1099, 108, '2025-03-19', 1); 
 INSERT INTO asistencias (id, alumno_id, fecha, presente) VALUES (1100, 108, '2025-03-20', 1); 
 INSERT INTO asistencias (id, alumno_id, fecha, presente) VALUES (1101, 108, '2025-03-18', 1); 
 INSERT INTO asistencias (id, alumno_id, fecha, presente) VALUES (1103, 108, '2025-04-20', 1); 
 INSERT INTO asistencias (id, alumno_id, fecha, presente) VALUES (1104, 108, '2025-03-29', 1); 
 INSERT INTO asistencias (id, alumno_id, fecha, presente) VALUES (1105, 108, '2025-03-13', 1); 
 INSERT INTO asistencias (id, alumno_id, fecha, presente) VALUES (1106, 108, '2025-04-21', 1); 
 INSERT INTO asistencias (id, alumno_id, fecha, presente) VALUES (1107, 108, '2025-04-27', 1); 
 INSERT INTO asistencias (id, alumno_id, fecha, presente) VALUES (1108, 108, '2025-03-21', 1); 
 INSERT INTO asistencias (id, alumno_id, fecha, presente) VALUES (1109, 109, '2025-03-14', 1); 
 INSERT INTO asistencias (id, alumno_id, fecha, presente) VALUES (1110, 109, '2025-03-28', 1); 
 INSERT INTO asistencias (id, alumno_id, fecha, presente) VALUES (1111, 109, '2025-03-02', 1); 
 INSERT INTO asistencias (id, alumno_id, fecha, presente) VALUES (1112, 109, '2025-03-08', 1); 
 INSERT INTO asistencias (id, alumno_id, fecha, presente) VALUES (1113, 109, '2025-04-08', 1); 
 INSERT INTO asistencias (id, alumno_id, fecha, presente) VALUES (1114, 109, '2025-03-18', 1); 
 INSERT INTO asistencias (id, alumno_id, fecha, presente) VALUES (1115, 109, '2025-03-19', 1); 
 INSERT INTO asistencias (id, alumno_id, fecha, presente) VALUES (1116, 109, '2025-03-07', 1); 
 INSERT INTO asistencias (id, alumno_id, fecha, presente) VALUES (1117, 109, '2025-04-15', 1); 
 INSERT INTO asistencias (id, alumno_id, fecha, presente) VALUES (1118, 109, '2025-04-23', 1); 
 INSERT INTO asistencias (id, alumno_id, fecha, presente) VALUES (1119, 110, '2025-04-23', 1); 
 INSERT INTO asistencias (id, alumno_id, fecha, presente) VALUES (1120, 110, '2025-03-02', 1); 
 INSERT INTO asistencias (id, alumno_id, fecha, presente) VALUES (1121, 110, '2025-03-21', 1); 
 INSERT INTO asistencias (id, alumno_id, fecha, presente) VALUES (1123, 110, '2025-04-04', 1); 
 INSERT INTO asistencias (id, alumno_id, fecha, presente) VALUES (1124, 110, '2025-03-14', 1); 
 INSERT INTO asistencias (id, alumno_id, fecha, presente) VALUES (1125, 110, '2025-04-14', 1); 
 INSERT INTO asistencias (id, alumno_id, fecha, presente) VALUES (1126, 110, '2025-04-05', 1); 
 INSERT INTO asistencias (id, alumno_id, fecha, presente) VALUES (1127, 110, '2025-04-28', 1); 
 INSERT INTO asistencias (id, alumno_id, fecha, presente) VALUES (1128, 110, '2025-03-06', 1); 
 INSERT INTO asistencias (id, alumno_id, fecha, presente) VALUES (1129, 111, '2025-03-12', 1); 
 INSERT INTO asistencias (id, alumno_id, fecha, presente) VALUES (1130, 111, '2025-03-28', 1); 
 INSERT INTO asistencias (id, alumno_id, fecha, presente) VALUES (1131, 111, '2025-04-30', 1); 
 INSERT INTO asistencias (id, alumno_id, fecha, presente) VALUES (1132, 111, '2025-03-01', 1); 
 INSERT INTO asistencias (id, alumno_id, fecha, presente) VALUES (1133, 111, '2025-03-15', 1); 
 INSERT INTO asistencias (id, alumno_id, fecha, presente) VALUES (1134, 111, '2025-04-22', 1); 
 INSERT INTO asistencias (id, alumno_id, fecha, presente) VALUES (1135, 111, '2025-03-09', 1); 
 INSERT INTO asistencias (id, alumno_id, fecha, presente) VALUES (1136, 111, '2025-04-24', 1); 
 INSERT INTO asistencias (id, alumno_id, fecha, presente) VALUES (1139, 112, '2025-03-31', 1); 
 INSERT INTO asistencias (id, alumno_id, fecha, presente) VALUES (1140, 112, '2025-04-15', 1); 
 INSERT INTO asistencias (id, alumno_id, fecha, presente) VALUES (1142, 112, '2025-04-21', 1); 
 INSERT INTO asistencias (id, alumno_id, fecha, presente) VALUES (1143, 112, '2025-03-23', 1); 
 INSERT INTO asistencias (id, alumno_id, fecha, presente) VALUES (1144, 112, '2025-04-18', 1); 
 INSERT INTO asistencias (id, alumno_id, fecha, presente) VALUES (1145, 112, '2025-03-29', 1); 
 INSERT INTO asistencias (id, alumno_id, fecha, presente) VALUES (1146, 112, '2025-04-22', 1); 
 INSERT INTO asistencias (id, alumno_id, fecha, presente) VALUES (1147, 112, '2025-03-12', 1); 
 INSERT INTO asistencias (id, alumno_id, fecha, presente) VALUES (1148, 112, '2025-04-30', 1); 
 INSERT INTO asistencias (id, alumno_id, fecha, presente) VALUES (1149, 113, '2025-03-20', 1); 
 INSERT INTO asistencias (id, alumno_id, fecha, presente) VALUES (1150, 113, '2025-03-04', 1); 
 INSERT INTO asistencias (id, alumno_id, fecha, presente) VALUES (1151, 113, '2025-03-13', 1); 
 INSERT INTO asistencias (id, alumno_id, fecha, presente) VALUES (1152, 113, '2025-03-09', 1); 
 INSERT INTO asistencias (id, alumno_id, fecha, presente) VALUES (1153, 113, '2025-04-26', 1); 
 INSERT INTO asistencias (id, alumno_id, fecha, presente) VALUES (1154, 113, '2025-03-07', 1); 
 INSERT INTO asistencias (id, alumno_id, fecha, presente) VALUES (1155, 113, '2025-04-04', 1); 
 INSERT INTO asistencias (id, alumno_id, fecha, presente) VALUES (1156, 113, '2025-04-27', 1); 
 INSERT INTO asistencias (id, alumno_id, fecha, presente) VALUES (1157, 113, '2025-04-28', 1); 
 INSERT INTO asistencias (id, alumno_id, fecha, presente) VALUES (1158, 113, '2025-03-31', 1); 
 INSERT INTO asistencias (id, alumno_id, fecha, presente) VALUES (1159, 114, '2025-03-05', 1); 
 INSERT INTO asistencias (id, alumno_id, fecha, presente) VALUES (1160, 114, '2025-03-24', 1); 
 INSERT INTO asistencias (id, alumno_id, fecha, presente) VALUES (1161, 114, '2025-04-21', 1); 
 INSERT INTO asistencias (id, alumno_id, fecha, presente) VALUES (1162, 114, '2025-04-01', 1); 
 INSERT INTO asistencias (id, alumno_id, fecha, presente) VALUES (1163, 114, '2025-03-23', 1); 
 INSERT INTO asistencias (id, alumno_id, fecha, presente) VALUES (1164, 114, '2025-04-14', 1); 
 INSERT INTO asistencias (id, alumno_id, fecha, presente) VALUES (1165, 114, '2025-03-14', 1); 
 INSERT INTO asistencias (id, alumno_id, fecha, presente) VALUES (1166, 114, '2025-04-13', 1); 
 INSERT INTO asistencias (id, alumno_id, fecha, presente) VALUES (1168, 114, '2025-03-07', 1); 
 INSERT INTO asistencias (id, alumno_id, fecha, presente) VALUES (1169, 115, '2025-03-17', 1); 
 INSERT INTO asistencias (id, alumno_id, fecha, presente) VALUES (1170, 115, '2025-03-13', 1); 
 INSERT INTO asistencias (id, alumno_id, fecha, presente) VALUES (1172, 115, '2025-04-07', 1); 
 INSERT INTO asistencias (id, alumno_id, fecha, presente) VALUES (1173, 115, '2025-04-10', 1); 
 INSERT INTO asistencias (id, alumno_id, fecha, presente) VALUES (1174, 115, '2025-04-29', 1); 
 INSERT INTO asistencias (id, alumno_id, fecha, presente) VALUES (1175, 115, '2025-04-09', 1); 
 INSERT INTO asistencias (id, alumno_id, fecha, presente) VALUES (1176, 115, '2025-03-16', 1); 
 INSERT INTO asistencias (id, alumno_id, fecha, presente) VALUES (1177, 115, '2025-04-28', 1); 
 INSERT INTO asistencias (id, alumno_id, fecha, presente) VALUES (1179, 116, '2025-04-30', 1); 
 INSERT INTO asistencias (id, alumno_id, fecha, presente) VALUES (1180, 116, '2025-04-13', 1); 
 INSERT INTO asistencias (id, alumno_id, fecha, presente) VALUES (1181, 116, '2025-03-08', 1); 
 INSERT INTO asistencias (id, alumno_id, fecha, presente) VALUES (1182, 116, '2025-04-20', 1); 
 INSERT INTO asistencias (id, alumno_id, fecha, presente) VALUES (1183, 116, '2025-04-08', 1); 
 INSERT INTO asistencias (id, alumno_id, fecha, presente) VALUES (1184, 116, '2025-04-12', 1); 
 INSERT INTO asistencias (id, alumno_id, fecha, presente) VALUES (1185, 116, '2025-03-05', 1); 
 INSERT INTO asistencias (id, alumno_id, fecha, presente) VALUES (1186, 116, '2025-04-06', 1); 
 INSERT INTO asistencias (id, alumno_id, fecha, presente) VALUES (1187, 116, '2025-04-11', 1); 
 INSERT INTO asistencias (id, alumno_id, fecha, presente) VALUES (1188, 116, '2025-03-04', 1); 
 INSERT INTO asistencias (id, alumno_id, fecha, presente) VALUES (1189, 117, '2025-04-04', 1); 
 INSERT INTO asistencias (id, alumno_id, fecha, presente) VALUES (1190, 117, '2025-04-12', 1); 
 INSERT INTO asistencias (id, alumno_id, fecha, presente) VALUES (1191, 117, '2025-03-20', 1); 
 INSERT INTO asistencias (id, alumno_id, fecha, presente) VALUES (1192, 117, '2025-03-24', 1); 
 INSERT INTO asistencias (id, alumno_id, fecha, presente) VALUES (1193, 117, '2025-03-04', 1); 
 INSERT INTO asistencias (id, alumno_id, fecha, presente) VALUES (1194, 117, '2025-03-19', 1); 
 INSERT INTO asistencias (id, alumno_id, fecha, presente) VALUES (1195, 117, '2025-04-18', 1); 
 INSERT INTO asistencias (id, alumno_id, fecha, presente) VALUES (1197, 117, '2025-03-15', 1); 
 INSERT INTO asistencias (id, alumno_id, fecha, presente) VALUES (1199, 118, '2025-04-23', 1); 
 INSERT INTO asistencias (id, alumno_id, fecha, presente) VALUES (1200, 118, '2025-04-22', 1); 
 INSERT INTO asistencias (id, alumno_id, fecha, presente) VALUES (1201, 118, '2025-03-09', 1); 
 INSERT INTO asistencias (id, alumno_id, fecha, presente) VALUES (1202, 118, '2025-04-02', 1); 
 INSERT INTO asistencias (id, alumno_id, fecha, presente) VALUES (1203, 118, '2025-04-29', 1); 
 INSERT INTO asistencias (id, alumno_id, fecha, presente) VALUES (1205, 118, '2025-03-25', 1); 
 INSERT INTO asistencias (id, alumno_id, fecha, presente) VALUES (1206, 118, '2025-04-06', 1); 
 INSERT INTO asistencias (id, alumno_id, fecha, presente) VALUES (1207, 118, '2025-04-21', 1); 
 INSERT INTO asistencias (id, alumno_id, fecha, presente) VALUES (1208, 118, '2025-03-13', 1); 
 INSERT INTO asistencias (id, alumno_id, fecha, presente) VALUES (1209, 119, '2025-03-15', 1); 
 INSERT INTO asistencias (id, alumno_id, fecha, presente) VALUES (1210, 119, '2025-04-10', 1); 
 INSERT INTO asistencias (id, alumno_id, fecha, presente) VALUES (1211, 119, '2025-03-27', 1); 
 INSERT INTO asistencias (id, alumno_id, fecha, presente) VALUES (1212, 119, '2025-03-18', 1); 
 INSERT INTO asistencias (id, alumno_id, fecha, presente) VALUES (1213, 119, '2025-03-30', 1); 
 INSERT INTO asistencias (id, alumno_id, fecha, presente) VALUES (1214, 119, '2025-04-16', 1); 
 INSERT INTO asistencias (id, alumno_id, fecha, presente) VALUES (1215, 119, '2025-04-11', 1); 
 INSERT INTO asistencias (id, alumno_id, fecha, presente) VALUES (1216, 119, '2025-03-05', 1); 
 INSERT INTO asistencias (id, alumno_id, fecha, presente) VALUES (1217, 119, '2025-03-08', 1); 
 INSERT INTO asistencias (id, alumno_id, fecha, presente) VALUES (1218, 119, '2025-04-04', 1); 
 INSERT INTO asistencias (id, alumno_id, fecha, presente) VALUES (1219, 120, '2025-03-06', 1); 
 INSERT INTO asistencias (id, alumno_id, fecha, presente) VALUES (1220, 120, '2025-03-08', 1); 
 INSERT INTO asistencias (id, alumno_id, fecha, presente) VALUES (1221, 120, '2025-03-22', 1); 
 INSERT INTO asistencias (id, alumno_id, fecha, presente) VALUES (1222, 120, '2025-03-02', 1); 
 INSERT INTO asistencias (id, alumno_id, fecha, presente) VALUES (1223, 120, '2025-03-29', 1); 
 INSERT INTO asistencias (id, alumno_id, fecha, presente) VALUES (1224, 120, '2025-04-20', 1); 
 INSERT INTO asistencias (id, alumno_id, fecha, presente) VALUES (1225, 120, '2025-03-14', 1); 
 INSERT INTO asistencias (id, alumno_id, fecha, presente) VALUES (1226, 120, '2025-04-14', 1); 
 INSERT INTO asistencias (id, alumno_id, fecha, presente) VALUES (1227, 120, '2025-04-12', 1); 
 INSERT INTO asistencias (id, alumno_id, fecha, presente) VALUES (1228, 120, '2025-04-11', 1); 
 INSERT INTO asistencias (id, alumno_id, fecha, presente) VALUES (1229, 121, '2025-03-20', 1); 
 INSERT INTO asistencias (id, alumno_id, fecha, presente) VALUES (1230, 121, '2025-03-13', 1); 
 INSERT INTO asistencias (id, alumno_id, fecha, presente) VALUES (1231, 121, '2025-03-09', 1); 
 INSERT INTO asistencias (id, alumno_id, fecha, presente) VALUES (1232, 121, '2025-03-30', 1); 
 INSERT INTO asistencias (id, alumno_id, fecha, presente) VALUES (1233, 121, '2025-03-03', 1); 
 INSERT INTO asistencias (id, alumno_id, fecha, presente) VALUES (1235, 121, '2025-04-07', 1); 
 INSERT INTO asistencias (id, alumno_id, fecha, presente) VALUES (1236, 121, '2025-03-16', 1); 
 INSERT INTO asistencias (id, alumno_id, fecha, presente) VALUES (1237, 121, '2025-03-12', 1); 
 INSERT INTO asistencias (id, alumno_id, fecha, presente) VALUES (1238, 121, '2025-04-02', 1); 
 INSERT INTO asistencias (id, alumno_id, fecha, presente) VALUES (1239, 122, '2025-04-03', 1); 
 INSERT INTO asistencias (id, alumno_id, fecha, presente) VALUES (1240, 122, '2025-04-24', 1); 
 INSERT INTO asistencias (id, alumno_id, fecha, presente) VALUES (1241, 122, '2025-03-17', 1); 
 INSERT INTO asistencias (id, alumno_id, fecha, presente) VALUES (1243, 122, '2025-04-01', 1); 
 INSERT INTO asistencias (id, alumno_id, fecha, presente) VALUES (1244, 122, '2025-03-15', 1); 
 INSERT INTO asistencias (id, alumno_id, fecha, presente) VALUES (1245, 122, '2025-03-13', 1); 
 INSERT INTO asistencias (id, alumno_id, fecha, presente) VALUES (1246, 122, '2025-03-20', 1); 
 INSERT INTO asistencias (id, alumno_id, fecha, presente) VALUES (1247, 122, '2025-04-18', 1); 
 INSERT INTO asistencias (id, alumno_id, fecha, presente) VALUES (1248, 122, '2025-03-09', 1); 
 INSERT INTO asistencias (id, alumno_id, fecha, presente) VALUES (1249, 123, '2025-04-18', 1); 
 INSERT INTO asistencias (id, alumno_id, fecha, presente) VALUES (1250, 123, '2025-03-12', 1); 
 INSERT INTO asistencias (id, alumno_id, fecha, presente) VALUES (1251, 123, '2025-03-18', 1); 
 INSERT INTO asistencias (id, alumno_id, fecha, presente) VALUES (1252, 123, '2025-04-29', 1); 
 INSERT INTO asistencias (id, alumno_id, fecha, presente) VALUES (1253, 123, '2025-04-12', 1); 
 INSERT INTO asistencias (id, alumno_id, fecha, presente) VALUES (1254, 123, '2025-03-30', 1); 
 INSERT INTO asistencias (id, alumno_id, fecha, presente) VALUES (1255, 123, '2025-04-05', 1); 
 INSERT INTO asistencias (id, alumno_id, fecha, presente) VALUES (1256, 123, '2025-04-09', 1); 
 INSERT INTO asistencias (id, alumno_id, fecha, presente) VALUES (1257, 123, '2025-03-28', 1); 
 INSERT INTO asistencias (id, alumno_id, fecha, presente) VALUES (1258, 123, '2025-03-31', 1); 
 INSERT INTO asistencias (id, alumno_id, fecha, presente) VALUES (1259, 124, '2025-03-22', 1); 
 INSERT INTO asistencias (id, alumno_id, fecha, presente) VALUES (1260, 124, '2025-03-16', 1); 
 INSERT INTO asistencias (id, alumno_id, fecha, presente) VALUES (1261, 124, '2025-03-12', 1); 
 INSERT INTO asistencias (id, alumno_id, fecha, presente) VALUES (1262, 124, '2025-04-16', 1); 
 INSERT INTO asistencias (id, alumno_id, fecha, presente) VALUES (1263, 124, '2025-03-31', 1); 
 INSERT INTO asistencias (id, alumno_id, fecha, presente) VALUES (1264, 124, '2025-03-20', 1); 
 INSERT INTO asistencias (id, alumno_id, fecha, presente) VALUES (1265, 124, '2025-03-30', 1); 
 INSERT INTO asistencias (id, alumno_id, fecha, presente) VALUES (1266, 124, '2025-04-15', 1); 
 INSERT INTO asistencias (id, alumno_id, fecha, presente) VALUES (1267, 124, '2025-04-07', 1); 
 INSERT INTO asistencias (id, alumno_id, fecha, presente) VALUES (1268, 124, '2025-04-24', 1); 
 INSERT INTO asistencias (id, alumno_id, fecha, presente) VALUES (1269, 125, '2025-04-23', 1); 
 INSERT INTO asistencias (id, alumno_id, fecha, presente) VALUES (1270, 125, '2025-03-28', 1); 
 INSERT INTO asistencias (id, alumno_id, fecha, presente) VALUES (1271, 125, '2025-04-04', 1); 
 INSERT INTO asistencias (id, alumno_id, fecha, presente) VALUES (1272, 125, '2025-03-13', 1); 
 INSERT INTO asistencias (id, alumno_id, fecha, presente) VALUES (1273, 125, '2025-03-07', 1); 
 INSERT INTO asistencias (id, alumno_id, fecha, presente) VALUES (1274, 125, '2025-04-01', 1); 
 INSERT INTO asistencias (id, alumno_id, fecha, presente) VALUES (1275, 125, '2025-03-03', 1); 
 INSERT INTO asistencias (id, alumno_id, fecha, presente) VALUES (1276, 125, '2025-03-08', 1); 
 INSERT INTO asistencias (id, alumno_id, fecha, presente) VALUES (1278, 125, '2025-04-29', 1); 
 INSERT INTO asistencias (id, alumno_id, fecha, presente) VALUES (1279, 126, '2025-03-28', 1); 
 INSERT INTO asistencias (id, alumno_id, fecha, presente) VALUES (1280, 126, '2025-03-31', 1); 
 INSERT INTO asistencias (id, alumno_id, fecha, presente) VALUES (1281, 126, '2025-03-16', 1); 
 INSERT INTO asistencias (id, alumno_id, fecha, presente) VALUES (1282, 126, '2025-03-11', 1); 
 INSERT INTO asistencias (id, alumno_id, fecha, presente) VALUES (1283, 126, '2025-03-17', 1); 
 INSERT INTO asistencias (id, alumno_id, fecha, presente) VALUES (1284, 126, '2025-03-18', 1); 
 INSERT INTO asistencias (id, alumno_id, fecha, presente) VALUES (1285, 126, '2025-04-18', 1); 
 INSERT INTO asistencias (id, alumno_id, fecha, presente) VALUES (1286, 126, '2025-04-21', 1); 
 INSERT INTO asistencias (id, alumno_id, fecha, presente) VALUES (1287, 126, '2025-03-08', 1); 
 INSERT INTO asistencias (id, alumno_id, fecha, presente) VALUES (1288, 126, '2025-03-12', 1); 
 INSERT INTO asistencias (id, alumno_id, fecha, presente) VALUES (1289, 127, '2025-03-09', 1); 
 INSERT INTO asistencias (id, alumno_id, fecha, presente) VALUES (1290, 127, '2025-04-23', 1); 
 INSERT INTO asistencias (id, alumno_id, fecha, presente) VALUES (1291, 127, '2025-04-29', 1); 
 INSERT INTO asistencias (id, alumno_id, fecha, presente) VALUES (1292, 127, '2025-04-27', 1); 
 INSERT INTO asistencias (id, alumno_id, fecha, presente) VALUES (1293, 127, '2025-03-21', 1); 
 INSERT INTO asistencias (id, alumno_id, fecha, presente) VALUES (1294, 127, '2025-03-22', 1); 
 INSERT INTO asistencias (id, alumno_id, fecha, presente) VALUES (1295, 127, '2025-03-25', 1); 
 INSERT INTO asistencias (id, alumno_id, fecha, presente) VALUES (1296, 127, '2025-04-05', 1); 
 INSERT INTO asistencias (id, alumno_id, fecha, presente) VALUES (1298, 127, '2025-03-23', 1); 
 INSERT INTO asistencias (id, alumno_id, fecha, presente) VALUES (1299, 128, '2025-03-15', 1); 
 INSERT INTO asistencias (id, alumno_id, fecha, presente) VALUES (1300, 128, '2025-04-19', 1); 
 INSERT INTO asistencias (id, alumno_id, fecha, presente) VALUES (1301, 128, '2025-04-05', 1); 
 INSERT INTO asistencias (id, alumno_id, fecha, presente) VALUES (1302, 128, '2025-03-26', 1); 
 INSERT INTO asistencias (id, alumno_id, fecha, presente) VALUES (1303, 128, '2025-03-04', 1); 
 INSERT INTO asistencias (id, alumno_id, fecha, presente) VALUES (1304, 128, '2025-03-21', 1); 
 INSERT INTO asistencias (id, alumno_id, fecha, presente) VALUES (1305, 128, '2025-03-13', 1); 
 INSERT INTO asistencias (id, alumno_id, fecha, presente) VALUES (1306, 128, '2025-04-24', 1); 
 INSERT INTO asistencias (id, alumno_id, fecha, presente) VALUES (1307, 128, '2025-03-11', 1); 
 INSERT INTO asistencias (id, alumno_id, fecha, presente) VALUES (1308, 128, '2025-04-10', 1); 
 INSERT INTO asistencias (id, alumno_id, fecha, presente) VALUES (1309, 129, '2025-03-25', 1); 
 INSERT INTO asistencias (id, alumno_id, fecha, presente) VALUES (1310, 129, '2025-04-04', 1); 
 INSERT INTO asistencias (id, alumno_id, fecha, presente) VALUES (1311, 129, '2025-04-23', 1); 
 INSERT INTO asistencias (id, alumno_id, fecha, presente) VALUES (1312, 129, '2025-04-30', 1); 
 INSERT INTO asistencias (id, alumno_id, fecha, presente) VALUES (1313, 129, '2025-03-24', 1); 
 INSERT INTO asistencias (id, alumno_id, fecha, presente) VALUES (1314, 129, '2025-04-13', 1); 
 INSERT INTO asistencias (id, alumno_id, fecha, presente) VALUES (1315, 129, '2025-04-27', 1); 
 INSERT INTO asistencias (id, alumno_id, fecha, presente) VALUES (1317, 129, '2025-03-26', 1); 
 INSERT INTO asistencias (id, alumno_id, fecha, presente) VALUES (1318, 129, '2025-04-10', 1); 
 INSERT INTO asistencias (id, alumno_id, fecha, presente) VALUES (1319, 130, '2025-03-04', 1); 
 INSERT INTO asistencias (id, alumno_id, fecha, presente) VALUES (1320, 130, '2025-03-17', 1); 
 INSERT INTO asistencias (id, alumno_id, fecha, presente) VALUES (1321, 130, '2025-03-01', 1); 
 INSERT INTO asistencias (id, alumno_id, fecha, presente) VALUES (1322, 130, '2025-03-03', 1); 
 INSERT INTO asistencias (id, alumno_id, fecha, presente) VALUES (1323, 130, '2025-03-27', 1); 
 INSERT INTO asistencias (id, alumno_id, fecha, presente) VALUES (1324, 130, '2025-04-25', 1); 
 INSERT INTO asistencias (id, alumno_id, fecha, presente) VALUES (1325, 130, '2025-03-07', 1); 
 INSERT INTO asistencias (id, alumno_id, fecha, presente) VALUES (1326, 130, '2025-04-10', 1); 
 INSERT INTO asistencias (id, alumno_id, fecha, presente) VALUES (1327, 130, '2025-04-21', 1); 
 INSERT INTO asistencias (id, alumno_id, fecha, presente) VALUES (1328, 130, '2025-04-24', 1); 
 INSERT INTO asistencias (id, alumno_id, fecha, presente) VALUES (1329, 131, '2025-04-29', 1); 
 INSERT INTO asistencias (id, alumno_id, fecha, presente) VALUES (1330, 131, '2025-04-07', 1); 
 INSERT INTO asistencias (id, alumno_id, fecha, presente) VALUES (1331, 131, '2025-04-04', 1); 
 INSERT INTO asistencias (id, alumno_id, fecha, presente) VALUES (1332, 131, '2025-03-14', 1); 
 INSERT INTO asistencias (id, alumno_id, fecha, presente) VALUES (1333, 131, '2025-03-02', 1); 
 INSERT INTO asistencias (id, alumno_id, fecha, presente) VALUES (1334, 131, '2025-04-15', 1); 
 INSERT INTO asistencias (id, alumno_id, fecha, presente) VALUES (1335, 131, '2025-03-30', 1); 
 INSERT INTO asistencias (id, alumno_id, fecha, presente) VALUES (1336, 131, '2025-03-28', 1); 
 INSERT INTO asistencias (id, alumno_id, fecha, presente) VALUES (1337, 131, '2025-03-05', 1); 
 INSERT INTO asistencias (id, alumno_id, fecha, presente) VALUES (1338, 131, '2025-03-11', 1); 
 INSERT INTO asistencias (id, alumno_id, fecha, presente) VALUES (1339, 132, '2025-03-17', 1); 
 INSERT INTO asistencias (id, alumno_id, fecha, presente) VALUES (1340, 132, '2025-03-12', 1); 
 INSERT INTO asistencias (id, alumno_id, fecha, presente) VALUES (1341, 132, '2025-03-26', 1); 
 INSERT INTO asistencias (id, alumno_id, fecha, presente) VALUES (1343, 132, '2025-03-25', 1); 
 INSERT INTO asistencias (id, alumno_id, fecha, presente) VALUES (1344, 132, '2025-04-21', 1); 
 INSERT INTO asistencias (id, alumno_id, fecha, presente) VALUES (1345, 132, '2025-04-24', 1); 
 INSERT INTO asistencias (id, alumno_id, fecha, presente) VALUES (1346, 132, '2025-04-16', 1); 
 INSERT INTO asistencias (id, alumno_id, fecha, presente) VALUES (1347, 132, '2025-03-05', 1); 
 INSERT INTO asistencias (id, alumno_id, fecha, presente) VALUES (1348, 132, '2025-04-09', 1); 
 INSERT INTO asistencias (id, alumno_id, fecha, presente) VALUES (1349, 133, '2025-04-14', 1); 
 INSERT INTO asistencias (id, alumno_id, fecha, presente) VALUES (1350, 133, '2025-04-09', 1); 
 INSERT INTO asistencias (id, alumno_id, fecha, presente) VALUES (1351, 133, '2025-04-08', 1); 
 INSERT INTO asistencias (id, alumno_id, fecha, presente) VALUES (1352, 133, '2025-04-12', 1); 
 INSERT INTO asistencias (id, alumno_id, fecha, presente) VALUES (1353, 133, '2025-03-19', 1); 
 INSERT INTO asistencias (id, alumno_id, fecha, presente) VALUES (1354, 133, '2025-03-24', 1); 
 INSERT INTO asistencias (id, alumno_id, fecha, presente) VALUES (1355, 133, '2025-04-19', 1); 
 INSERT INTO asistencias (id, alumno_id, fecha, presente) VALUES (1356, 133, '2025-04-17', 1); 
 INSERT INTO asistencias (id, alumno_id, fecha, presente) VALUES (1358, 133, '2025-03-25', 1); 
 INSERT INTO asistencias (id, alumno_id, fecha, presente) VALUES (1359, 134, '2025-03-20', 1); 
 INSERT INTO asistencias (id, alumno_id, fecha, presente) VALUES (1360, 134, '2025-04-13', 1); 
 INSERT INTO asistencias (id, alumno_id, fecha, presente) VALUES (1361, 134, '2025-03-26', 1); 
 INSERT INTO asistencias (id, alumno_id, fecha, presente) VALUES (1362, 134, '2025-04-24', 1); 
 INSERT INTO asistencias (id, alumno_id, fecha, presente) VALUES (1363, 134, '2025-03-08', 1); 
 INSERT INTO asistencias (id, alumno_id, fecha, presente) VALUES (1364, 134, '2025-03-21', 1); 
 INSERT INTO asistencias (id, alumno_id, fecha, presente) VALUES (1365, 134, '2025-03-10', 1); 
 INSERT INTO asistencias (id, alumno_id, fecha, presente) VALUES (1366, 134, '2025-04-29', 1); 
 INSERT INTO asistencias (id, alumno_id, fecha, presente) VALUES (1367, 134, '2025-04-09', 1); 
 INSERT INTO asistencias (id, alumno_id, fecha, presente) VALUES (1368, 134, '2025-04-30', 1); 
 INSERT INTO asistencias (id, alumno_id, fecha, presente) VALUES (1369, 135, '2025-04-28', 1); 
 INSERT INTO asistencias (id, alumno_id, fecha, presente) VALUES (1370, 135, '2025-03-15', 1); 
 INSERT INTO asistencias (id, alumno_id, fecha, presente) VALUES (1371, 135, '2025-03-19', 1); 
 INSERT INTO asistencias (id, alumno_id, fecha, presente) VALUES (1372, 135, '2025-03-07', 1); 
 INSERT INTO asistencias (id, alumno_id, fecha, presente) VALUES (1374, 135, '2025-04-24', 1); 
 INSERT INTO asistencias (id, alumno_id, fecha, presente) VALUES (1376, 135, '2025-04-26', 1); 
 INSERT INTO asistencias (id, alumno_id, fecha, presente) VALUES (1377, 135, '2025-03-23', 1); 
 INSERT INTO asistencias (id, alumno_id, fecha, presente) VALUES (1378, 135, '2025-03-27', 1); 
 INSERT INTO asistencias (id, alumno_id, fecha, presente) VALUES (1379, 136, '2025-03-02', 1); 
 INSERT INTO asistencias (id, alumno_id, fecha, presente) VALUES (1380, 136, '2025-03-04', 1); 
 INSERT INTO asistencias (id, alumno_id, fecha, presente) VALUES (1381, 136, '2025-03-11', 1); 
 INSERT INTO asistencias (id, alumno_id, fecha, presente) VALUES (1382, 136, '2025-04-20', 1); 
 INSERT INTO asistencias (id, alumno_id, fecha, presente) VALUES (1383, 136, '2025-03-29', 1); 
 INSERT INTO asistencias (id, alumno_id, fecha, presente) VALUES (1384, 136, '2025-04-22', 1); 
 INSERT INTO asistencias (id, alumno_id, fecha, presente) VALUES (1386, 136, '2025-04-19', 1); 
 INSERT INTO asistencias (id, alumno_id, fecha, presente) VALUES (1387, 136, '2025-03-20', 1); 
 INSERT INTO asistencias (id, alumno_id, fecha, presente) VALUES (1389, 137, '2025-03-18', 1); 
 INSERT INTO asistencias (id, alumno_id, fecha, presente) VALUES (1390, 137, '2025-03-04', 1); 
 INSERT INTO asistencias (id, alumno_id, fecha, presente) VALUES (1391, 137, '2025-04-03', 1); 
 INSERT INTO asistencias (id, alumno_id, fecha, presente) VALUES (1392, 137, '2025-04-18', 1); 
 INSERT INTO asistencias (id, alumno_id, fecha, presente) VALUES (1393, 137, '2025-04-05', 1); 
 INSERT INTO asistencias (id, alumno_id, fecha, presente) VALUES (1394, 137, '2025-03-20', 1); 
 INSERT INTO asistencias (id, alumno_id, fecha, presente) VALUES (1395, 137, '2025-03-09', 1); 
 INSERT INTO asistencias (id, alumno_id, fecha, presente) VALUES (1397, 137, '2025-04-10', 1); 
 INSERT INTO asistencias (id, alumno_id, fecha, presente) VALUES (1398, 137, '2025-04-13', 1); 
 INSERT INTO asistencias (id, alumno_id, fecha, presente) VALUES (1399, 138, '2025-04-26', 1); 
 INSERT INTO asistencias (id, alumno_id, fecha, presente) VALUES (1400, 138, '2025-04-19', 1); 
 INSERT INTO asistencias (id, alumno_id, fecha, presente) VALUES (1402, 138, '2025-04-14', 1); 
 INSERT INTO asistencias (id, alumno_id, fecha, presente) VALUES (1403, 138, '2025-03-08', 1); 
 INSERT INTO asistencias (id, alumno_id, fecha, presente) VALUES (1404, 138, '2025-04-18', 1); 
 INSERT INTO asistencias (id, alumno_id, fecha, presente) VALUES (1405, 138, '2025-04-22', 1); 
 INSERT INTO asistencias (id, alumno_id, fecha, presente) VALUES (1406, 138, '2025-04-21', 1); 
 INSERT INTO asistencias (id, alumno_id, fecha, presente) VALUES (1407, 138, '2025-04-20', 1); 
 INSERT INTO asistencias (id, alumno_id, fecha, presente) VALUES (1409, 139, '2025-03-13', 1); 
 INSERT INTO asistencias (id, alumno_id, fecha, presente) VALUES (1410, 139, '2025-04-04', 1); 
 INSERT INTO asistencias (id, alumno_id, fecha, presente) VALUES (1411, 139, '2025-04-08', 1); 
 INSERT INTO asistencias (id, alumno_id, fecha, presente) VALUES (1412, 139, '2025-04-12', 1); 
 INSERT INTO asistencias (id, alumno_id, fecha, presente) VALUES (1413, 139, '2025-03-18', 1); 
 INSERT INTO asistencias (id, alumno_id, fecha, presente) VALUES (1414, 139, '2025-04-22', 1); 
 INSERT INTO asistencias (id, alumno_id, fecha, presente) VALUES (1415, 139, '2025-04-05', 1); 
 INSERT INTO asistencias (id, alumno_id, fecha, presente) VALUES (1416, 139, '2025-03-03', 1); 
 INSERT INTO asistencias (id, alumno_id, fecha, presente) VALUES (1417, 139, '2025-03-23', 1); 
 INSERT INTO asistencias (id, alumno_id, fecha, presente) VALUES (1419, 140, '2025-03-06', 1); 
 INSERT INTO asistencias (id, alumno_id, fecha, presente) VALUES (1420, 140, '2025-04-26', 1); 
 INSERT INTO asistencias (id, alumno_id, fecha, presente) VALUES (1421, 140, '2025-03-13', 1); 
 INSERT INTO asistencias (id, alumno_id, fecha, presente) VALUES (1422, 140, '2025-04-29', 1); 
 INSERT INTO asistencias (id, alumno_id, fecha, presente) VALUES (1424, 140, '2025-04-19', 1); 
 INSERT INTO asistencias (id, alumno_id, fecha, presente) VALUES (1425, 140, '2025-04-16', 1); 
 INSERT INTO asistencias (id, alumno_id, fecha, presente) VALUES (1426, 140, '2025-03-08', 1); 
 INSERT INTO asistencias (id, alumno_id, fecha, presente) VALUES (1427, 140, '2025-03-11', 1); 
 INSERT INTO asistencias (id, alumno_id, fecha, presente) VALUES (1428, 140, '2025-04-15', 1); 
 INSERT INTO asistencias (id, alumno_id, fecha, presente) VALUES (1429, 141, '2025-03-24', 1); 
 INSERT INTO asistencias (id, alumno_id, fecha, presente) VALUES (1430, 141, '2025-03-20', 1); 
 INSERT INTO asistencias (id, alumno_id, fecha, presente) VALUES (1431, 141, '2025-03-05', 1); 
 INSERT INTO asistencias (id, alumno_id, fecha, presente) VALUES (1432, 141, '2025-03-16', 1); 
 INSERT INTO asistencias (id, alumno_id, fecha, presente) VALUES (1433, 141, '2025-03-10', 1); 
 INSERT INTO asistencias (id, alumno_id, fecha, presente) VALUES (1434, 141, '2025-03-13', 1); 
 INSERT INTO asistencias (id, alumno_id, fecha, presente) VALUES (1435, 141, '2025-04-15', 1); 
 INSERT INTO asistencias (id, alumno_id, fecha, presente) VALUES (1436, 141, '2025-04-09', 1); 
 INSERT INTO asistencias (id, alumno_id, fecha, presente) VALUES (1437, 141, '2025-04-11', 1); 
 INSERT INTO asistencias (id, alumno_id, fecha, presente) VALUES (1438, 141, '2025-03-28', 1); 
 INSERT INTO asistencias (id, alumno_id, fecha, presente) VALUES (1439, 142, '2025-04-21', 1); 
 INSERT INTO asistencias (id, alumno_id, fecha, presente) VALUES (1440, 142, '2025-03-02', 1); 
 INSERT INTO asistencias (id, alumno_id, fecha, presente) VALUES (1441, 142, '2025-03-08', 1); 
 INSERT INTO asistencias (id, alumno_id, fecha, presente) VALUES (1442, 142, '2025-03-11', 1); 
 INSERT INTO asistencias (id, alumno_id, fecha, presente) VALUES (1443, 142, '2025-03-01', 1); 
 INSERT INTO asistencias (id, alumno_id, fecha, presente) VALUES (1445, 142, '2025-03-15', 1); 
 INSERT INTO asistencias (id, alumno_id, fecha, presente) VALUES (1446, 142, '2025-04-27', 1); 
 INSERT INTO asistencias (id, alumno_id, fecha, presente) VALUES (1447, 142, '2025-04-12', 1); 
 INSERT INTO asistencias (id, alumno_id, fecha, presente) VALUES (1448, 142, '2025-04-15', 1); 
 INSERT INTO asistencias (id, alumno_id, fecha, presente) VALUES (1449, 143, '2025-03-22', 1); 
 INSERT INTO asistencias (id, alumno_id, fecha, presente) VALUES (1450, 143, '2025-03-25', 1); 
 INSERT INTO asistencias (id, alumno_id, fecha, presente) VALUES (1451, 143, '2025-03-02', 1); 
 INSERT INTO asistencias (id, alumno_id, fecha, presente) VALUES (1452, 143, '2025-04-06', 1); 
 INSERT INTO asistencias (id, alumno_id, fecha, presente) VALUES (1453, 143, '2025-03-01', 1); 
 INSERT INTO asistencias (id, alumno_id, fecha, presente) VALUES (1454, 143, '2025-03-23', 1); 
 INSERT INTO asistencias (id, alumno_id, fecha, presente) VALUES (1455, 143, '2025-04-08', 1); 
 INSERT INTO asistencias (id, alumno_id, fecha, presente) VALUES (1456, 143, '2025-04-04', 1); 
 INSERT INTO asistencias (id, alumno_id, fecha, presente) VALUES (1458, 143, '2025-03-15', 1); 
 INSERT INTO asistencias (id, alumno_id, fecha, presente) VALUES (1459, 144, '2025-04-09', 1); 
 INSERT INTO asistencias (id, alumno_id, fecha, presente) VALUES (1460, 144, '2025-03-28', 1); 
 INSERT INTO asistencias (id, alumno_id, fecha, presente) VALUES (1461, 144, '2025-04-23', 1); 
 INSERT INTO asistencias (id, alumno_id, fecha, presente) VALUES (1462, 144, '2025-03-03', 1); 
 INSERT INTO asistencias (id, alumno_id, fecha, presente) VALUES (1463, 144, '2025-03-24', 1); 
 INSERT INTO asistencias (id, alumno_id, fecha, presente) VALUES (1464, 144, '2025-04-11', 1); 
 INSERT INTO asistencias (id, alumno_id, fecha, presente) VALUES (1465, 144, '2025-03-09', 1); 
 INSERT INTO asistencias (id, alumno_id, fecha, presente) VALUES (1466, 144, '2025-04-02', 1); 
 INSERT INTO asistencias (id, alumno_id, fecha, presente) VALUES (1468, 144, '2025-03-19', 1); 
 INSERT INTO asistencias (id, alumno_id, fecha, presente) VALUES (1469, 145, '2025-04-06', 1); 
 INSERT INTO asistencias (id, alumno_id, fecha, presente) VALUES (1470, 145, '2025-04-24', 1); 
 INSERT INTO asistencias (id, alumno_id, fecha, presente) VALUES (1471, 145, '2025-03-12', 1); 
 INSERT INTO asistencias (id, alumno_id, fecha, presente) VALUES (1472, 145, '2025-03-13', 1); 
 INSERT INTO asistencias (id, alumno_id, fecha, presente) VALUES (1473, 145, '2025-04-01', 1); 
 INSERT INTO asistencias (id, alumno_id, fecha, presente) VALUES (1475, 145, '2025-03-24', 1); 
 INSERT INTO asistencias (id, alumno_id, fecha, presente) VALUES (1476, 145, '2025-04-18', 1); 
 INSERT INTO asistencias (id, alumno_id, fecha, presente) VALUES (1477, 145, '2025-04-26', 1); 
 INSERT INTO asistencias (id, alumno_id, fecha, presente) VALUES (1478, 145, '2025-04-15', 1); 
 INSERT INTO asistencias (id, alumno_id, fecha, presente) VALUES (1479, 146, '2025-04-01', 1); 
 INSERT INTO asistencias (id, alumno_id, fecha, presente) VALUES (1480, 146, '2025-03-13', 1); 
 INSERT INTO asistencias (id, alumno_id, fecha, presente) VALUES (1481, 146, '2025-03-19', 1); 
 INSERT INTO asistencias (id, alumno_id, fecha, presente) VALUES (1482, 146, '2025-03-01', 1); 
 INSERT INTO asistencias (id, alumno_id, fecha, presente) VALUES (1483, 146, '2025-04-22', 1); 
 INSERT INTO asistencias (id, alumno_id, fecha, presente) VALUES (1485, 146, '2025-04-06', 1); 
 INSERT INTO asistencias (id, alumno_id, fecha, presente) VALUES (1486, 146, '2025-04-11', 1); 
 INSERT INTO asistencias (id, alumno_id, fecha, presente) VALUES (1487, 146, '2025-04-29', 1); 
 INSERT INTO asistencias (id, alumno_id, fecha, presente) VALUES (1488, 146, '2025-04-26', 1); 
 INSERT INTO asistencias (id, alumno_id, fecha, presente) VALUES (1489, 147, '2025-03-20', 1); 
 INSERT INTO asistencias (id, alumno_id, fecha, presente) VALUES (1490, 147, '2025-03-02', 1); 
 INSERT INTO asistencias (id, alumno_id, fecha, presente) VALUES (1491, 147, '2025-04-26', 1); 
 INSERT INTO asistencias (id, alumno_id, fecha, presente) VALUES (1492, 147, '2025-04-24', 1); 
 INSERT INTO asistencias (id, alumno_id, fecha, presente) VALUES (1493, 147, '2025-04-17', 1); 
 INSERT INTO asistencias (id, alumno_id, fecha, presente) VALUES (1494, 147, '2025-04-22', 1); 
 INSERT INTO asistencias (id, alumno_id, fecha, presente) VALUES (1495, 147, '2025-03-29', 1); 
 INSERT INTO asistencias (id, alumno_id, fecha, presente) VALUES (1496, 147, '2025-04-27', 1); 
 INSERT INTO asistencias (id, alumno_id, fecha, presente) VALUES (1497, 147, '2025-04-01', 1); 
 INSERT INTO asistencias (id, alumno_id, fecha, presente) VALUES (1498, 147, '2025-03-09', 1); 
 INSERT INTO asistencias (id, alumno_id, fecha, presente) VALUES (1499, 148, '2025-03-09', 1); 
 INSERT INTO asistencias (id, alumno_id, fecha, presente) VALUES (1500, 148, '2025-04-01', 1); 
 INSERT INTO asistencias (id, alumno_id, fecha, presente) VALUES (1501, 148, '2025-03-11', 1); 
 INSERT INTO asistencias (id, alumno_id, fecha, presente) VALUES (1502, 148, '2025-04-27', 1); 
 INSERT INTO asistencias (id, alumno_id, fecha, presente) VALUES (1503, 148, '2025-04-28', 1); 
 INSERT INTO asistencias (id, alumno_id, fecha, presente) VALUES (1504, 148, '2025-04-02', 1); 
 INSERT INTO asistencias (id, alumno_id, fecha, presente) VALUES (1505, 148, '2025-03-08', 1); 
 INSERT INTO asistencias (id, alumno_id, fecha, presente) VALUES (1506, 148, '2025-03-03', 1); 
 INSERT INTO asistencias (id, alumno_id, fecha, presente) VALUES (1507, 148, '2025-03-25', 1); 
 INSERT INTO asistencias (id, alumno_id, fecha, presente) VALUES (1508, 148, '2025-03-14', 1); 
 INSERT INTO asistencias (id, alumno_id, fecha, presente) VALUES (1509, 149, '2025-04-07', 1); 
 INSERT INTO asistencias (id, alumno_id, fecha, presente) VALUES (1510, 149, '2025-04-09', 1); 
 INSERT INTO asistencias (id, alumno_id, fecha, presente) VALUES (1511, 149, '2025-04-16', 1); 
 INSERT INTO asistencias (id, alumno_id, fecha, presente) VALUES (1512, 149, '2025-03-10', 1); 
 INSERT INTO asistencias (id, alumno_id, fecha, presente) VALUES (1513, 149, '2025-04-25', 1); 
 INSERT INTO asistencias (id, alumno_id, fecha, presente) VALUES (1514, 149, '2025-04-22', 1); 
 INSERT INTO asistencias (id, alumno_id, fecha, presente) VALUES (1515, 149, '2025-04-13', 1); 
 INSERT INTO asistencias (id, alumno_id, fecha, presente) VALUES (1516, 149, '2025-04-23', 1); 
 INSERT INTO asistencias (id, alumno_id, fecha, presente) VALUES (1517, 149, '2025-04-08', 1); 
 INSERT INTO asistencias (id, alumno_id, fecha, presente) VALUES (1518, 149, '2025-03-31', 1); 
 INSERT INTO asistencias (id, alumno_id, fecha, presente) VALUES (1519, 150, '2025-03-05', 1); 
 INSERT INTO asistencias (id, alumno_id, fecha, presente) VALUES (1520, 150, '2025-04-03', 1); 
 INSERT INTO asistencias (id, alumno_id, fecha, presente) VALUES (1521, 150, '2025-03-14', 1); 
 INSERT INTO asistencias (id, alumno_id, fecha, presente) VALUES (1522, 150, '2025-03-12', 1); 
 INSERT INTO asistencias (id, alumno_id, fecha, presente) VALUES (1523, 150, '2025-03-20', 1); 
 INSERT INTO asistencias (id, alumno_id, fecha, presente) VALUES (1524, 150, '2025-04-10', 1); 
 INSERT INTO asistencias (id, alumno_id, fecha, presente) VALUES (1525, 150, '2025-04-24', 1); 
 INSERT INTO asistencias (id, alumno_id, fecha, presente) VALUES (1526, 150, '2025-03-04', 1); 
 INSERT INTO asistencias (id, alumno_id, fecha, presente) VALUES (1527, 150, '2025-03-02', 1); 
 INSERT INTO asistencias (id, alumno_id, fecha, presente) VALUES (1528, 150, '2025-03-01', 1); 
 INSERT INTO asistencias (id, alumno_id, fecha, presente) VALUES (1529, 151, '2025-04-03', 1); 
 INSERT INTO asistencias (id, alumno_id, fecha, presente) VALUES (1530, 151, '2025-04-04', 1); 
 INSERT INTO asistencias (id, alumno_id, fecha, presente) VALUES (1531, 151, '2025-04-12', 1); 
 INSERT INTO asistencias (id, alumno_id, fecha, presente) VALUES (1532, 151, '2025-04-18', 1); 
 INSERT INTO asistencias (id, alumno_id, fecha, presente) VALUES (1533, 151, '2025-04-05', 1); 
 INSERT INTO asistencias (id, alumno_id, fecha, presente) VALUES (1534, 151, '2025-04-02', 1); 
 INSERT INTO asistencias (id, alumno_id, fecha, presente) VALUES (1535, 151, '2025-04-20', 1); 
 INSERT INTO asistencias (id, alumno_id, fecha, presente) VALUES (1536, 151, '2025-03-12', 1); 
 INSERT INTO asistencias (id, alumno_id, fecha, presente) VALUES (1537, 151, '2025-04-06', 1); 
 INSERT INTO asistencias (id, alumno_id, fecha, presente) VALUES (1539, 152, '2025-03-08', 1); 
 INSERT INTO asistencias (id, alumno_id, fecha, presente) VALUES (1540, 152, '2025-04-24', 1); 
 INSERT INTO asistencias (id, alumno_id, fecha, presente) VALUES (1541, 152, '2025-04-06', 1); 
 INSERT INTO asistencias (id, alumno_id, fecha, presente) VALUES (1542, 152, '2025-03-31', 1); 
 INSERT INTO asistencias (id, alumno_id, fecha, presente) VALUES (1544, 152, '2025-04-07', 1); 
 INSERT INTO asistencias (id, alumno_id, fecha, presente) VALUES (1545, 152, '2025-03-03', 1); 
 INSERT INTO asistencias (id, alumno_id, fecha, presente) VALUES (1546, 152, '2025-04-08', 1); 
 INSERT INTO asistencias (id, alumno_id, fecha, presente) VALUES (1547, 152, '2025-04-25', 1); 
 INSERT INTO asistencias (id, alumno_id, fecha, presente) VALUES (1548, 152, '2025-04-30', 1); 
 INSERT INTO asistencias (id, alumno_id, fecha, presente) VALUES (1549, 153, '2025-03-05', 1); 
 INSERT INTO asistencias (id, alumno_id, fecha, presente) VALUES (1551, 153, '2025-04-09', 1); 
 INSERT INTO asistencias (id, alumno_id, fecha, presente) VALUES (1552, 153, '2025-03-08', 1); 
 INSERT INTO asistencias (id, alumno_id, fecha, presente) VALUES (1553, 153, '2025-04-02', 1); 
 INSERT INTO asistencias (id, alumno_id, fecha, presente) VALUES (1554, 153, '2025-04-27', 1); 
 INSERT INTO asistencias (id, alumno_id, fecha, presente) VALUES (1555, 153, '2025-04-28', 1); 
 INSERT INTO asistencias (id, alumno_id, fecha, presente) VALUES (1556, 153, '2025-03-18', 1); 
 INSERT INTO asistencias (id, alumno_id, fecha, presente) VALUES (1557, 153, '2025-04-05', 1); 
 INSERT INTO asistencias (id, alumno_id, fecha, presente) VALUES (1558, 153, '2025-03-29', 1); 
 INSERT INTO asistencias (id, alumno_id, fecha, presente) VALUES (1559, 154, '2025-03-04', 1); 
 INSERT INTO asistencias (id, alumno_id, fecha, presente) VALUES (1560, 154, '2025-03-02', 1); 
 INSERT INTO asistencias (id, alumno_id, fecha, presente) VALUES (1561, 154, '2025-04-28', 1); 
 INSERT INTO asistencias (id, alumno_id, fecha, presente) VALUES (1562, 154, '2025-03-01', 1); 
 INSERT INTO asistencias (id, alumno_id, fecha, presente) VALUES (1563, 154, '2025-04-18', 1); 
 INSERT INTO asistencias (id, alumno_id, fecha, presente) VALUES (1564, 154, '2025-04-22', 1); 
 INSERT INTO asistencias (id, alumno_id, fecha, presente) VALUES (1565, 154, '2025-04-20', 1); 
 INSERT INTO asistencias (id, alumno_id, fecha, presente) VALUES (1566, 154, '2025-04-27', 1); 
 INSERT INTO asistencias (id, alumno_id, fecha, presente) VALUES (1568, 154, '2025-03-10', 1); 
 INSERT INTO asistencias (id, alumno_id, fecha, presente) VALUES (1569, 155, '2025-03-09', 1); 
 INSERT INTO asistencias (id, alumno_id, fecha, presente) VALUES (1570, 155, '2025-03-17', 1); 
 INSERT INTO asistencias (id, alumno_id, fecha, presente) VALUES (1571, 155, '2025-04-10', 1); 
 INSERT INTO asistencias (id, alumno_id, fecha, presente) VALUES (1572, 155, '2025-04-28', 1); 
 INSERT INTO asistencias (id, alumno_id, fecha, presente) VALUES (1573, 155, '2025-04-30', 1); 
 INSERT INTO asistencias (id, alumno_id, fecha, presente) VALUES (1574, 155, '2025-04-14', 1); 
 INSERT INTO asistencias (id, alumno_id, fecha, presente) VALUES (1575, 155, '2025-04-13', 1); 
 INSERT INTO asistencias (id, alumno_id, fecha, presente) VALUES (1576, 155, '2025-03-13', 1); 
 INSERT INTO asistencias (id, alumno_id, fecha, presente) VALUES (1577, 155, '2025-04-27', 1); 
 INSERT INTO asistencias (id, alumno_id, fecha, presente) VALUES (1578, 155, '2025-04-09', 1); 
 INSERT INTO asistencias (id, alumno_id, fecha, presente) VALUES (1579, 156, '2025-04-13', 1); 
 INSERT INTO asistencias (id, alumno_id, fecha, presente) VALUES (1580, 156, '2025-04-05', 1); 
 INSERT INTO asistencias (id, alumno_id, fecha, presente) VALUES (1581, 156, '2025-03-01', 1); 
 INSERT INTO asistencias (id, alumno_id, fecha, presente) VALUES (1582, 156, '2025-03-26', 1); 
 INSERT INTO asistencias (id, alumno_id, fecha, presente) VALUES (1583, 156, '2025-04-07', 1); 
 INSERT INTO asistencias (id, alumno_id, fecha, presente) VALUES (1584, 156, '2025-03-18', 1); 
 INSERT INTO asistencias (id, alumno_id, fecha, presente) VALUES (1585, 156, '2025-03-20', 1); 
 INSERT INTO asistencias (id, alumno_id, fecha, presente) VALUES (1586, 156, '2025-03-07', 1); 
 INSERT INTO asistencias (id, alumno_id, fecha, presente) VALUES (1587, 156, '2025-03-08', 1); 
 INSERT INTO asistencias (id, alumno_id, fecha, presente) VALUES (1588, 156, '2025-04-01', 1); 
 INSERT INTO asistencias (id, alumno_id, fecha, presente) VALUES (1589, 157, '2025-04-29', 1); 
 INSERT INTO asistencias (id, alumno_id, fecha, presente) VALUES (1590, 157, '2025-03-10', 1); 
 INSERT INTO asistencias (id, alumno_id, fecha, presente) VALUES (1591, 157, '2025-04-04', 1); 
 INSERT INTO asistencias (id, alumno_id, fecha, presente) VALUES (1592, 157, '2025-03-14', 1); 
 INSERT INTO asistencias (id, alumno_id, fecha, presente) VALUES (1593, 157, '2025-04-17', 1); 
 INSERT INTO asistencias (id, alumno_id, fecha, presente) VALUES (1594, 157, '2025-03-07', 1); 
 INSERT INTO asistencias (id, alumno_id, fecha, presente) VALUES (1595, 157, '2025-04-23', 1); 
 INSERT INTO asistencias (id, alumno_id, fecha, presente) VALUES (1596, 157, '2025-03-26', 1); 
 INSERT INTO asistencias (id, alumno_id, fecha, presente) VALUES (1597, 157, '2025-03-16', 1); 
 INSERT INTO asistencias (id, alumno_id, fecha, presente) VALUES (1599, 158, '2025-04-19', 1); 
 INSERT INTO asistencias (id, alumno_id, fecha, presente) VALUES (1600, 158, '2025-03-18', 1); 
 INSERT INTO asistencias (id, alumno_id, fecha, presente) VALUES (1602, 158, '2025-03-09', 1); 
 INSERT INTO asistencias (id, alumno_id, fecha, presente) VALUES (1603, 158, '2025-04-27', 1); 
 INSERT INTO asistencias (id, alumno_id, fecha, presente) VALUES (1604, 158, '2025-04-22', 1); 
 INSERT INTO asistencias (id, alumno_id, fecha, presente) VALUES (1606, 158, '2025-03-27', 1); 
 INSERT INTO asistencias (id, alumno_id, fecha, presente) VALUES (1607, 158, '2025-03-12', 1); 
 INSERT INTO asistencias (id, alumno_id, fecha, presente) VALUES (1608, 158, '2025-03-04', 1); 
 INSERT INTO asistencias (id, alumno_id, fecha, presente) VALUES (1609, 159, '2025-04-13', 1); 
 INSERT INTO asistencias (id, alumno_id, fecha, presente) VALUES (1610, 159, '2025-04-25', 1); 
 INSERT INTO asistencias (id, alumno_id, fecha, presente) VALUES (1611, 159, '2025-04-04', 1); 
 INSERT INTO asistencias (id, alumno_id, fecha, presente) VALUES (1612, 159, '2025-03-13', 1); 
 INSERT INTO asistencias (id, alumno_id, fecha, presente) VALUES (1613, 159, '2025-03-20', 1); 
 INSERT INTO asistencias (id, alumno_id, fecha, presente) VALUES (1614, 159, '2025-03-19', 1); 
 INSERT INTO asistencias (id, alumno_id, fecha, presente) VALUES (1615, 159, '2025-03-28', 1); 
 INSERT INTO asistencias (id, alumno_id, fecha, presente) VALUES (1616, 159, '2025-04-11', 1); 
 INSERT INTO asistencias (id, alumno_id, fecha, presente) VALUES (1617, 159, '2025-03-15', 1); 
 INSERT INTO asistencias (id, alumno_id, fecha, presente) VALUES (1618, 159, '2025-04-26', 1); 
 INSERT INTO asistencias (id, alumno_id, fecha, presente) VALUES (1619, 160, '2025-04-23', 1); 
 INSERT INTO asistencias (id, alumno_id, fecha, presente) VALUES (1620, 160, '2025-03-24', 1); 
 INSERT INTO asistencias (id, alumno_id, fecha, presente) VALUES (1621, 160, '2025-04-21', 1); 
 INSERT INTO asistencias (id, alumno_id, fecha, presente) VALUES (1622, 160, '2025-03-17', 1); 
 INSERT INTO asistencias (id, alumno_id, fecha, presente) VALUES (1623, 160, '2025-03-06', 1); 
 INSERT INTO asistencias (id, alumno_id, fecha, presente) VALUES (1624, 160, '2025-03-22', 1); 
 INSERT INTO asistencias (id, alumno_id, fecha, presente) VALUES (1625, 160, '2025-04-30', 1); 
 INSERT INTO asistencias (id, alumno_id, fecha, presente) VALUES (1626, 160, '2025-03-18', 1); 
 INSERT INTO asistencias (id, alumno_id, fecha, presente) VALUES (1627, 160, '2025-04-05', 1); 
 INSERT INTO asistencias (id, alumno_id, fecha, presente) VALUES (1628, 160, '2025-04-20', 1); 
 INSERT INTO asistencias (id, alumno_id, fecha, presente) VALUES (1629, 161, '2025-04-18', 1); 
 INSERT INTO asistencias (id, alumno_id, fecha, presente) VALUES (1630, 161, '2025-03-17', 1); 
 INSERT INTO asistencias (id, alumno_id, fecha, presente) VALUES (1631, 161, '2025-03-07', 1); 
 INSERT INTO asistencias (id, alumno_id, fecha, presente) VALUES (1632, 161, '2025-04-07', 1); 
 INSERT INTO asistencias (id, alumno_id, fecha, presente) VALUES (1633, 161, '2025-04-24', 1); 
 INSERT INTO asistencias (id, alumno_id, fecha, presente) VALUES (1634, 161, '2025-03-15', 1); 
 INSERT INTO asistencias (id, alumno_id, fecha, presente) VALUES (1636, 161, '2025-04-25', 1); 
 INSERT INTO asistencias (id, alumno_id, fecha, presente) VALUES (1638, 161, '2025-04-05', 1); 
 INSERT INTO asistencias (id, alumno_id, fecha, presente) VALUES (1639, 162, '2025-04-24', 1); 
 INSERT INTO asistencias (id, alumno_id, fecha, presente) VALUES (1640, 162, '2025-03-09', 1); 
 INSERT INTO asistencias (id, alumno_id, fecha, presente) VALUES (1641, 162, '2025-04-06', 1); 
 INSERT INTO asistencias (id, alumno_id, fecha, presente) VALUES (1642, 162, '2025-03-03', 1); 
 INSERT INTO asistencias (id, alumno_id, fecha, presente) VALUES (1643, 162, '2025-03-11', 1); 
 INSERT INTO asistencias (id, alumno_id, fecha, presente) VALUES (1644, 162, '2025-03-13', 1); 
 INSERT INTO asistencias (id, alumno_id, fecha, presente) VALUES (1645, 162, '2025-03-24', 1); 
 INSERT INTO asistencias (id, alumno_id, fecha, presente) VALUES (1646, 162, '2025-03-22', 1); 
 INSERT INTO asistencias (id, alumno_id, fecha, presente) VALUES (1648, 162, '2025-03-25', 1); 
 INSERT INTO asistencias (id, alumno_id, fecha, presente) VALUES (1649, 163, '2025-04-03', 1); 
 INSERT INTO asistencias (id, alumno_id, fecha, presente) VALUES (1650, 163, '2025-04-14', 1); 
 INSERT INTO asistencias (id, alumno_id, fecha, presente) VALUES (1651, 163, '2025-03-30', 1); 
 INSERT INTO asistencias (id, alumno_id, fecha, presente) VALUES (1652, 163, '2025-04-11', 1); 
 INSERT INTO asistencias (id, alumno_id, fecha, presente) VALUES (1653, 163, '2025-03-11', 1); 
 INSERT INTO asistencias (id, alumno_id, fecha, presente) VALUES (1654, 163, '2025-03-02', 1); 
 INSERT INTO asistencias (id, alumno_id, fecha, presente) VALUES (1655, 163, '2025-03-26', 1); 
 INSERT INTO asistencias (id, alumno_id, fecha, presente) VALUES (1657, 163, '2025-03-10', 1); 
 INSERT INTO asistencias (id, alumno_id, fecha, presente) VALUES (1658, 163, '2025-03-08', 1); 
 INSERT INTO asistencias (id, alumno_id, fecha, presente) VALUES (1659, 164, '2025-04-30', 1); 
 INSERT INTO asistencias (id, alumno_id, fecha, presente) VALUES (1660, 164, '2025-03-08', 1); 
 INSERT INTO asistencias (id, alumno_id, fecha, presente) VALUES (1661, 164, '2025-03-19', 1); 
 INSERT INTO asistencias (id, alumno_id, fecha, presente) VALUES (1663, 164, '2025-04-26', 1); 
 INSERT INTO asistencias (id, alumno_id, fecha, presente) VALUES (1664, 164, '2025-04-22', 1); 
 INSERT INTO asistencias (id, alumno_id, fecha, presente) VALUES (1666, 164, '2025-03-14', 1); 
 INSERT INTO asistencias (id, alumno_id, fecha, presente) VALUES (1667, 164, '2025-03-10', 1); 
 INSERT INTO asistencias (id, alumno_id, fecha, presente) VALUES (1668, 164, '2025-04-18', 1); 
 INSERT INTO asistencias (id, alumno_id, fecha, presente) VALUES (1669, 165, '2025-03-15', 1); 
 INSERT INTO asistencias (id, alumno_id, fecha, presente) VALUES (1670, 165, '2025-04-07', 1); 
 INSERT INTO asistencias (id, alumno_id, fecha, presente) VALUES (1671, 165, '2025-04-03', 1); 
 INSERT INTO asistencias (id, alumno_id, fecha, presente) VALUES (1672, 165, '2025-04-28', 1); 
 INSERT INTO asistencias (id, alumno_id, fecha, presente) VALUES (1674, 165, '2025-03-11', 1); 
 INSERT INTO asistencias (id, alumno_id, fecha, presente) VALUES (1675, 165, '2025-04-22', 1); 
 INSERT INTO asistencias (id, alumno_id, fecha, presente) VALUES (1676, 165, '2025-04-15', 1); 
 INSERT INTO asistencias (id, alumno_id, fecha, presente) VALUES (1677, 165, '2025-04-05', 1); 
 INSERT INTO asistencias (id, alumno_id, fecha, presente) VALUES (1678, 165, '2025-04-18', 1); 
 INSERT INTO asistencias (id, alumno_id, fecha, presente) VALUES (1679, 166, '2025-04-23', 1); 
 INSERT INTO asistencias (id, alumno_id, fecha, presente) VALUES (1680, 166, '2025-04-29', 1); 
 INSERT INTO asistencias (id, alumno_id, fecha, presente) VALUES (1681, 166, '2025-04-15', 1); 
 INSERT INTO asistencias (id, alumno_id, fecha, presente) VALUES (1682, 166, '2025-03-23', 1); 
 INSERT INTO asistencias (id, alumno_id, fecha, presente) VALUES (1683, 166, '2025-04-24', 1); 
 INSERT INTO asistencias (id, alumno_id, fecha, presente) VALUES (1684, 166, '2025-03-05', 1); 
 INSERT INTO asistencias (id, alumno_id, fecha, presente) VALUES (1685, 166, '2025-03-31', 1); 
 INSERT INTO asistencias (id, alumno_id, fecha, presente) VALUES (1687, 166, '2025-03-07', 1); 
 INSERT INTO asistencias (id, alumno_id, fecha, presente) VALUES (1688, 166, '2025-03-06', 1); 
 INSERT INTO asistencias (id, alumno_id, fecha, presente) VALUES (1689, 167, '2025-04-12', 1); 
 INSERT INTO asistencias (id, alumno_id, fecha, presente) VALUES (1690, 167, '2025-04-04', 1); 
 INSERT INTO asistencias (id, alumno_id, fecha, presente) VALUES (1691, 167, '2025-03-11', 1); 
 INSERT INTO asistencias (id, alumno_id, fecha, presente) VALUES (1692, 167, '2025-04-23', 1); 
 INSERT INTO asistencias (id, alumno_id, fecha, presente) VALUES (1693, 167, '2025-04-26', 1); 
 INSERT INTO asistencias (id, alumno_id, fecha, presente) VALUES (1694, 167, '2025-03-26', 1); 
 INSERT INTO asistencias (id, alumno_id, fecha, presente) VALUES (1697, 167, '2025-03-21', 1); 
 INSERT INTO asistencias (id, alumno_id, fecha, presente) VALUES (1698, 167, '2025-03-19', 1); 
 INSERT INTO asistencias (id, alumno_id, fecha, presente) VALUES (1699, 168, '2025-04-04', 1); 
 INSERT INTO asistencias (id, alumno_id, fecha, presente) VALUES (1700, 168, '2025-04-05', 1); 
 INSERT INTO asistencias (id, alumno_id, fecha, presente) VALUES (1702, 168, '2025-04-19', 1); 
 INSERT INTO asistencias (id, alumno_id, fecha, presente) VALUES (1703, 168, '2025-04-16', 1); 
 INSERT INTO asistencias (id, alumno_id, fecha, presente) VALUES (1704, 168, '2025-03-14', 1); 
 INSERT INTO asistencias (id, alumno_id, fecha, presente) VALUES (1705, 168, '2025-03-26', 1); 
 INSERT INTO asistencias (id, alumno_id, fecha, presente) VALUES (1706, 168, '2025-04-08', 1); 
 INSERT INTO asistencias (id, alumno_id, fecha, presente) VALUES (1707, 168, '2025-03-18', 1); 
 INSERT INTO asistencias (id, alumno_id, fecha, presente) VALUES (1708, 168, '2025-03-04', 1); 
 INSERT INTO asistencias (id, alumno_id, fecha, presente) VALUES (1709, 169, '2025-03-07', 1); 
 INSERT INTO asistencias (id, alumno_id, fecha, presente) VALUES (1710, 169, '2025-03-25', 1); 
 INSERT INTO asistencias (id, alumno_id, fecha, presente) VALUES (1711, 169, '2025-03-21', 1); 
 INSERT INTO asistencias (id, alumno_id, fecha, presente) VALUES (1712, 169, '2025-03-31', 1); 
 INSERT INTO asistencias (id, alumno_id, fecha, presente) VALUES (1713, 169, '2025-03-18', 1); 
 INSERT INTO asistencias (id, alumno_id, fecha, presente) VALUES (1715, 169, '2025-03-05', 1); 
 INSERT INTO asistencias (id, alumno_id, fecha, presente) VALUES (1716, 169, '2025-04-17', 1); 
 INSERT INTO asistencias (id, alumno_id, fecha, presente) VALUES (1717, 169, '2025-04-26', 1); 
 INSERT INTO asistencias (id, alumno_id, fecha, presente) VALUES (1718, 169, '2025-03-11', 1); 
 INSERT INTO asistencias (id, alumno_id, fecha, presente) VALUES (1719, 170, '2025-03-14', 1); 
 INSERT INTO asistencias (id, alumno_id, fecha, presente) VALUES (1720, 170, '2025-04-01', 1); 
 INSERT INTO asistencias (id, alumno_id, fecha, presente) VALUES (1721, 170, '2025-03-24', 1); 
 INSERT INTO asistencias (id, alumno_id, fecha, presente) VALUES (1722, 170, '2025-04-23', 1); 
 INSERT INTO asistencias (id, alumno_id, fecha, presente) VALUES (1723, 170, '2025-03-06', 1); 
 INSERT INTO asistencias (id, alumno_id, fecha, presente) VALUES (1724, 170, '2025-04-06', 1); 
 INSERT INTO asistencias (id, alumno_id, fecha, presente) VALUES (1726, 170, '2025-04-04', 1); 
 INSERT INTO asistencias (id, alumno_id, fecha, presente) VALUES (1727, 170, '2025-04-02', 1); 
 INSERT INTO asistencias (id, alumno_id, fecha, presente) VALUES (1728, 170, '2025-04-16', 1); 
 INSERT INTO asistencias (id, alumno_id, fecha, presente) VALUES (1729, 171, '2025-03-10', 1); 
 INSERT INTO asistencias (id, alumno_id, fecha, presente) VALUES (1730, 171, '2025-03-31', 1); 
 INSERT INTO asistencias (id, alumno_id, fecha, presente) VALUES (1731, 171, '2025-04-21', 1); 
 INSERT INTO asistencias (id, alumno_id, fecha, presente) VALUES (1732, 171, '2025-04-16', 1); 
 INSERT INTO asistencias (id, alumno_id, fecha, presente) VALUES (1733, 171, '2025-03-27', 1); 
 INSERT INTO asistencias (id, alumno_id, fecha, presente) VALUES (1734, 171, '2025-04-05', 1); 
 INSERT INTO asistencias (id, alumno_id, fecha, presente) VALUES (1735, 171, '2025-03-01', 1); 
 INSERT INTO asistencias (id, alumno_id, fecha, presente) VALUES (1736, 171, '2025-04-15', 1); 
 INSERT INTO asistencias (id, alumno_id, fecha, presente) VALUES (1737, 171, '2025-03-03', 1); 
 INSERT INTO asistencias (id, alumno_id, fecha, presente) VALUES (1738, 171, '2025-03-08', 1); 
 INSERT INTO asistencias (id, alumno_id, fecha, presente) VALUES (1739, 172, '2025-04-22', 1); 
 INSERT INTO asistencias (id, alumno_id, fecha, presente) VALUES (1740, 172, '2025-03-30', 1); 
 INSERT INTO asistencias (id, alumno_id, fecha, presente) VALUES (1741, 172, '2025-03-28', 1); 
 INSERT INTO asistencias (id, alumno_id, fecha, presente) VALUES (1742, 172, '2025-04-17', 1); 
 INSERT INTO asistencias (id, alumno_id, fecha, presente) VALUES (1743, 172, '2025-03-10', 1); 
 INSERT INTO asistencias (id, alumno_id, fecha, presente) VALUES (1744, 172, '2025-04-06', 1); 
 INSERT INTO asistencias (id, alumno_id, fecha, presente) VALUES (1745, 172, '2025-03-11', 1); 
 INSERT INTO asistencias (id, alumno_id, fecha, presente) VALUES (1746, 172, '2025-04-04', 1); 
 INSERT INTO asistencias (id, alumno_id, fecha, presente) VALUES (1748, 172, '2025-03-08', 1); 
 INSERT INTO asistencias (id, alumno_id, fecha, presente) VALUES (1749, 173, '2025-03-09', 1); 
 INSERT INTO asistencias (id, alumno_id, fecha, presente) VALUES (1750, 173, '2025-04-28', 1); 
 INSERT INTO asistencias (id, alumno_id, fecha, presente) VALUES (1751, 173, '2025-03-27', 1); 
 INSERT INTO asistencias (id, alumno_id, fecha, presente) VALUES (1752, 173, '2025-03-14', 1); 
 INSERT INTO asistencias (id, alumno_id, fecha, presente) VALUES (1753, 173, '2025-04-22', 1); 
 INSERT INTO asistencias (id, alumno_id, fecha, presente) VALUES (1755, 173, '2025-04-17', 1); 
 INSERT INTO asistencias (id, alumno_id, fecha, presente) VALUES (1756, 173, '2025-04-09', 1); 
 INSERT INTO asistencias (id, alumno_id, fecha, presente) VALUES (1757, 173, '2025-04-01', 1); 
 INSERT INTO asistencias (id, alumno_id, fecha, presente) VALUES (1758, 173, '2025-04-18', 1); 
 INSERT INTO asistencias (id, alumno_id, fecha, presente) VALUES (1759, 174, '2025-04-12', 1); 
 INSERT INTO asistencias (id, alumno_id, fecha, presente) VALUES (1760, 174, '2025-03-22', 1); 
 INSERT INTO asistencias (id, alumno_id, fecha, presente) VALUES (1761, 174, '2025-04-20', 1); 
 INSERT INTO asistencias (id, alumno_id, fecha, presente) VALUES (1762, 174, '2025-04-22', 1); 
 INSERT INTO asistencias (id, alumno_id, fecha, presente) VALUES (1763, 174, '2025-04-04', 1); 
 INSERT INTO asistencias (id, alumno_id, fecha, presente) VALUES (1764, 174, '2025-03-12', 1); 
 INSERT INTO asistencias (id, alumno_id, fecha, presente) VALUES (1765, 174, '2025-04-09', 1); 
 INSERT INTO asistencias (id, alumno_id, fecha, presente) VALUES (1766, 174, '2025-03-16', 1); 
 INSERT INTO asistencias (id, alumno_id, fecha, presente) VALUES (1768, 174, '2025-04-13', 1); 
 INSERT INTO asistencias (id, alumno_id, fecha, presente) VALUES (1769, 175, '2025-04-07', 1); 
 INSERT INTO asistencias (id, alumno_id, fecha, presente) VALUES (1770, 175, '2025-04-28', 1); 
 INSERT INTO asistencias (id, alumno_id, fecha, presente) VALUES (1771, 175, '2025-03-21', 1); 
 INSERT INTO asistencias (id, alumno_id, fecha, presente) VALUES (1772, 175, '2025-04-10', 1); 
 INSERT INTO asistencias (id, alumno_id, fecha, presente) VALUES (1773, 175, '2025-03-06', 1); 
 INSERT INTO asistencias (id, alumno_id, fecha, presente) VALUES (1774, 175, '2025-04-01', 1); 
 INSERT INTO asistencias (id, alumno_id, fecha, presente) VALUES (1775, 175, '2025-04-23', 1); 
 INSERT INTO asistencias (id, alumno_id, fecha, presente) VALUES (1776, 175, '2025-03-28', 1); 
 INSERT INTO asistencias (id, alumno_id, fecha, presente) VALUES (1777, 175, '2025-03-19', 1); 
 INSERT INTO asistencias (id, alumno_id, fecha, presente) VALUES (1779, 176, '2025-03-11', 1); 
 INSERT INTO asistencias (id, alumno_id, fecha, presente) VALUES (1780, 176, '2025-03-22', 1); 
 INSERT INTO asistencias (id, alumno_id, fecha, presente) VALUES (1781, 176, '2025-03-13', 1); 
 INSERT INTO asistencias (id, alumno_id, fecha, presente) VALUES (1782, 176, '2025-03-09', 1); 
 INSERT INTO asistencias (id, alumno_id, fecha, presente) VALUES (1783, 176, '2025-03-30', 1); 
 INSERT INTO asistencias (id, alumno_id, fecha, presente) VALUES (1784, 176, '2025-04-15', 1); 
 INSERT INTO asistencias (id, alumno_id, fecha, presente) VALUES (1785, 176, '2025-03-20', 1); 
 INSERT INTO asistencias (id, alumno_id, fecha, presente) VALUES (1786, 176, '2025-04-21', 1); 
 INSERT INTO asistencias (id, alumno_id, fecha, presente) VALUES (1787, 176, '2025-03-02', 1); 
 INSERT INTO asistencias (id, alumno_id, fecha, presente) VALUES (1789, 177, '2025-04-18', 1); 
 INSERT INTO asistencias (id, alumno_id, fecha, presente) VALUES (1790, 177, '2025-04-10', 1); 
 INSERT INTO asistencias (id, alumno_id, fecha, presente) VALUES (1791, 177, '2025-04-11', 1); 
 INSERT INTO asistencias (id, alumno_id, fecha, presente) VALUES (1792, 177, '2025-04-01', 1); 
 INSERT INTO asistencias (id, alumno_id, fecha, presente) VALUES (1793, 177, '2025-03-22', 1); 
 INSERT INTO asistencias (id, alumno_id, fecha, presente) VALUES (1794, 177, '2025-03-25', 1); 
 INSERT INTO asistencias (id, alumno_id, fecha, presente) VALUES (1795, 177, '2025-04-08', 1); 
 INSERT INTO asistencias (id, alumno_id, fecha, presente) VALUES (1796, 177, '2025-03-24', 1); 
 INSERT INTO asistencias (id, alumno_id, fecha, presente) VALUES (1797, 177, '2025-03-29', 1); 
 INSERT INTO asistencias (id, alumno_id, fecha, presente) VALUES (1798, 177, '2025-04-07', 1); 
 INSERT INTO asistencias (id, alumno_id, fecha, presente) VALUES (1799, 178, '2025-04-06', 1); 
 INSERT INTO asistencias (id, alumno_id, fecha, presente) VALUES (1800, 178, '2025-04-09', 1); 
 INSERT INTO asistencias (id, alumno_id, fecha, presente) VALUES (1801, 178, '2025-03-04', 1); 
 INSERT INTO asistencias (id, alumno_id, fecha, presente) VALUES (1802, 178, '2025-03-31', 1); 
 INSERT INTO asistencias (id, alumno_id, fecha, presente) VALUES (1803, 178, '2025-04-14', 1); 
 INSERT INTO asistencias (id, alumno_id, fecha, presente) VALUES (1804, 178, '2025-03-19', 1); 
 INSERT INTO asistencias (id, alumno_id, fecha, presente) VALUES (1805, 178, '2025-03-14', 1); 
 INSERT INTO asistencias (id, alumno_id, fecha, presente) VALUES (1808, 178, '2025-03-11', 1); 
 INSERT INTO asistencias (id, alumno_id, fecha, presente) VALUES (1809, 179, '2025-03-16', 1); 
 INSERT INTO asistencias (id, alumno_id, fecha, presente) VALUES (1810, 179, '2025-03-04', 1); 
 INSERT INTO asistencias (id, alumno_id, fecha, presente) VALUES (1811, 179, '2025-03-06', 1); 
 INSERT INTO asistencias (id, alumno_id, fecha, presente) VALUES (1812, 179, '2025-04-20', 1); 
 INSERT INTO asistencias (id, alumno_id, fecha, presente) VALUES (1813, 179, '2025-04-09', 1); 
 INSERT INTO asistencias (id, alumno_id, fecha, presente) VALUES (1814, 179, '2025-04-30', 1); 
 INSERT INTO asistencias (id, alumno_id, fecha, presente) VALUES (1815, 179, '2025-03-31', 1); 
 INSERT INTO asistencias (id, alumno_id, fecha, presente) VALUES (1816, 179, '2025-03-05', 1); 
 INSERT INTO asistencias (id, alumno_id, fecha, presente) VALUES (1817, 179, '2025-03-17', 1); 
 INSERT INTO asistencias (id, alumno_id, fecha, presente) VALUES (1818, 179, '2025-04-21', 1); 
 INSERT INTO asistencias (id, alumno_id, fecha, presente) VALUES (1819, 180, '2025-04-27', 1); 
 INSERT INTO asistencias (id, alumno_id, fecha, presente) VALUES (1820, 180, '2025-03-27', 1); 
 INSERT INTO asistencias (id, alumno_id, fecha, presente) VALUES (1821, 180, '2025-03-16', 1); 
 INSERT INTO asistencias (id, alumno_id, fecha, presente) VALUES (1823, 180, '2025-03-17', 1); 
 INSERT INTO asistencias (id, alumno_id, fecha, presente) VALUES (1824, 180, '2025-03-09', 1); 
 INSERT INTO asistencias (id, alumno_id, fecha, presente) VALUES (1825, 180, '2025-03-03', 1); 
 INSERT INTO asistencias (id, alumno_id, fecha, presente) VALUES (1826, 180, '2025-03-30', 1); 
 INSERT INTO asistencias (id, alumno_id, fecha, presente) VALUES (1827, 180, '2025-04-22', 1); 
 INSERT INTO asistencias (id, alumno_id, fecha, presente) VALUES (1828, 180, '2025-03-22', 1); 
 INSERT INTO asistencias (id, alumno_id, fecha, presente) VALUES (1829, 181, '2025-04-09', 1); 
 INSERT INTO asistencias (id, alumno_id, fecha, presente) VALUES (1830, 181, '2025-03-25', 1); 
 INSERT INTO asistencias (id, alumno_id, fecha, presente) VALUES (1831, 181, '2025-03-27', 1); 
 INSERT INTO asistencias (id, alumno_id, fecha, presente) VALUES (1832, 181, '2025-03-01', 1); 
 INSERT INTO asistencias (id, alumno_id, fecha, presente) VALUES (1833, 181, '2025-04-26', 1); 
 INSERT INTO asistencias (id, alumno_id, fecha, presente) VALUES (1834, 181, '2025-04-19', 1); 
 INSERT INTO asistencias (id, alumno_id, fecha, presente) VALUES (1835, 181, '2025-04-27', 1); 
 INSERT INTO asistencias (id, alumno_id, fecha, presente) VALUES (1836, 181, '2025-04-11', 1); 
 INSERT INTO asistencias (id, alumno_id, fecha, presente) VALUES (1837, 181, '2025-03-14', 1); 
 INSERT INTO asistencias (id, alumno_id, fecha, presente) VALUES (1838, 181, '2025-03-12', 1); 
 INSERT INTO asistencias (id, alumno_id, fecha, presente) VALUES (1839, 182, '2025-03-09', 1); 
 INSERT INTO asistencias (id, alumno_id, fecha, presente) VALUES (1840, 182, '2025-03-04', 1); 
 INSERT INTO asistencias (id, alumno_id, fecha, presente) VALUES (1841, 182, '2025-04-13', 1); 
 INSERT INTO asistencias (id, alumno_id, fecha, presente) VALUES (1842, 182, '2025-04-01', 1); 
 INSERT INTO asistencias (id, alumno_id, fecha, presente) VALUES (1843, 182, '2025-03-10', 1); 
 INSERT INTO asistencias (id, alumno_id, fecha, presente) VALUES (1844, 182, '2025-03-24', 1); 
 INSERT INTO asistencias (id, alumno_id, fecha, presente) VALUES (1845, 182, '2025-04-18', 1); 
 INSERT INTO asistencias (id, alumno_id, fecha, presente) VALUES (1846, 182, '2025-03-11', 1); 
 INSERT INTO asistencias (id, alumno_id, fecha, presente) VALUES (1847, 182, '2025-04-26', 1); 
 INSERT INTO asistencias (id, alumno_id, fecha, presente) VALUES (1848, 182, '2025-03-23', 1); 
 INSERT INTO asistencias (id, alumno_id, fecha, presente) VALUES (1849, 183, '2025-03-06', 1); 
 INSERT INTO asistencias (id, alumno_id, fecha, presente) VALUES (1850, 183, '2025-04-03', 1); 
 INSERT INTO asistencias (id, alumno_id, fecha, presente) VALUES (1851, 183, '2025-03-30', 1); 
 INSERT INTO asistencias (id, alumno_id, fecha, presente) VALUES (1852, 183, '2025-03-24', 1); 
 INSERT INTO asistencias (id, alumno_id, fecha, presente) VALUES (1853, 183, '2025-03-14', 1); 
 INSERT INTO asistencias (id, alumno_id, fecha, presente) VALUES (1854, 183, '2025-03-25', 1); 
 INSERT INTO asistencias (id, alumno_id, fecha, presente) VALUES (1855, 183, '2025-03-19', 1); 
 INSERT INTO asistencias (id, alumno_id, fecha, presente) VALUES (1856, 183, '2025-03-09', 1); 
 INSERT INTO asistencias (id, alumno_id, fecha, presente) VALUES (1857, 183, '2025-03-20', 1); 
 INSERT INTO asistencias (id, alumno_id, fecha, presente) VALUES (1859, 184, '2025-04-30', 1); 
 INSERT INTO asistencias (id, alumno_id, fecha, presente) VALUES (1860, 184, '2025-04-12', 1); 
 INSERT INTO asistencias (id, alumno_id, fecha, presente) VALUES (1861, 184, '2025-04-09', 1); 
 INSERT INTO asistencias (id, alumno_id, fecha, presente) VALUES (1862, 184, '2025-04-24', 1); 
 INSERT INTO asistencias (id, alumno_id, fecha, presente) VALUES (1863, 184, '2025-04-04', 1); 
 INSERT INTO asistencias (id, alumno_id, fecha, presente) VALUES (1864, 184, '2025-03-28', 1); 
 INSERT INTO asistencias (id, alumno_id, fecha, presente) VALUES (1865, 184, '2025-03-30', 1); 
 INSERT INTO asistencias (id, alumno_id, fecha, presente) VALUES (1866, 184, '2025-03-26', 1); 
 INSERT INTO asistencias (id, alumno_id, fecha, presente) VALUES (1868, 184, '2025-03-02', 1); 
 INSERT INTO asistencias (id, alumno_id, fecha, presente) VALUES (1869, 185, '2025-04-20', 1); 
 INSERT INTO asistencias (id, alumno_id, fecha, presente) VALUES (1870, 185, '2025-04-11', 1); 
 INSERT INTO asistencias (id, alumno_id, fecha, presente) VALUES (1871, 185, '2025-03-29', 1); 
 INSERT INTO asistencias (id, alumno_id, fecha, presente) VALUES (1872, 185, '2025-04-12', 1); 
 INSERT INTO asistencias (id, alumno_id, fecha, presente) VALUES (1873, 185, '2025-03-13', 1); 
 INSERT INTO asistencias (id, alumno_id, fecha, presente) VALUES (1874, 185, '2025-03-16', 1); 
 INSERT INTO asistencias (id, alumno_id, fecha, presente) VALUES (1876, 185, '2025-04-13', 1); 
 INSERT INTO asistencias (id, alumno_id, fecha, presente) VALUES (1877, 185, '2025-03-19', 1); 
 INSERT INTO asistencias (id, alumno_id, fecha, presente) VALUES (1878, 185, '2025-03-05', 1); 
 INSERT INTO asistencias (id, alumno_id, fecha, presente) VALUES (1879, 186, '2025-03-07', 1); 
 INSERT INTO asistencias (id, alumno_id, fecha, presente) VALUES (1880, 186, '2025-03-21', 1); 
 INSERT INTO asistencias (id, alumno_id, fecha, presente) VALUES (1881, 186, '2025-03-29', 1); 
 INSERT INTO asistencias (id, alumno_id, fecha, presente) VALUES (1882, 186, '2025-04-21', 1); 
 INSERT INTO asistencias (id, alumno_id, fecha, presente) VALUES (1883, 186, '2025-03-02', 1); 
 INSERT INTO asistencias (id, alumno_id, fecha, presente) VALUES (1884, 186, '2025-03-25', 1); 
 INSERT INTO asistencias (id, alumno_id, fecha, presente) VALUES (1885, 186, '2025-04-01', 1); 
 INSERT INTO asistencias (id, alumno_id, fecha, presente) VALUES (1887, 186, '2025-04-15', 1); 
 INSERT INTO asistencias (id, alumno_id, fecha, presente) VALUES (1888, 186, '2025-04-09', 1); 
 INSERT INTO asistencias (id, alumno_id, fecha, presente) VALUES (1889, 187, '2025-03-05', 1); 
 INSERT INTO asistencias (id, alumno_id, fecha, presente) VALUES (1890, 187, '2025-03-10', 1); 
 INSERT INTO asistencias (id, alumno_id, fecha, presente) VALUES (1891, 187, '2025-03-17', 1); 
 INSERT INTO asistencias (id, alumno_id, fecha, presente) VALUES (1894, 187, '2025-03-22', 1); 
 INSERT INTO asistencias (id, alumno_id, fecha, presente) VALUES (1895, 187, '2025-04-19', 1); 
 INSERT INTO asistencias (id, alumno_id, fecha, presente) VALUES (1896, 187, '2025-03-19', 1); 
 INSERT INTO asistencias (id, alumno_id, fecha, presente) VALUES (1897, 187, '2025-04-26', 1); 
 INSERT INTO asistencias (id, alumno_id, fecha, presente) VALUES (1899, 188, '2025-03-03', 1); 
 INSERT INTO asistencias (id, alumno_id, fecha, presente) VALUES (1900, 188, '2025-03-19', 1); 
 INSERT INTO asistencias (id, alumno_id, fecha, presente) VALUES (1901, 188, '2025-03-17', 1); 
 INSERT INTO asistencias (id, alumno_id, fecha, presente) VALUES (1902, 188, '2025-04-22', 1); 
 INSERT INTO asistencias (id, alumno_id, fecha, presente) VALUES (1903, 188, '2025-04-14', 1); 
 INSERT INTO asistencias (id, alumno_id, fecha, presente) VALUES (1904, 188, '2025-04-08', 1); 
 INSERT INTO asistencias (id, alumno_id, fecha, presente) VALUES (1905, 188, '2025-04-27', 1); 
 INSERT INTO asistencias (id, alumno_id, fecha, presente) VALUES (1907, 188, '2025-03-24', 1); 
 INSERT INTO asistencias (id, alumno_id, fecha, presente) VALUES (1909, 189, '2025-03-15', 1); 
 INSERT INTO asistencias (id, alumno_id, fecha, presente) VALUES (1910, 189, '2025-03-13', 1); 
 INSERT INTO asistencias (id, alumno_id, fecha, presente) VALUES (1911, 189, '2025-03-09', 1); 
 INSERT INTO asistencias (id, alumno_id, fecha, presente) VALUES (1912, 189, '2025-03-17', 1); 
 INSERT INTO asistencias (id, alumno_id, fecha, presente) VALUES (1914, 189, '2025-04-16', 1); 
 INSERT INTO asistencias (id, alumno_id, fecha, presente) VALUES (1915, 189, '2025-03-16', 1); 
 INSERT INTO asistencias (id, alumno_id, fecha, presente) VALUES (1917, 189, '2025-04-22', 1); 
 INSERT INTO asistencias (id, alumno_id, fecha, presente) VALUES (1919, 190, '2025-03-24', 1); 
 INSERT INTO asistencias (id, alumno_id, fecha, presente) VALUES (1920, 190, '2025-04-19', 1); 
 INSERT INTO asistencias (id, alumno_id, fecha, presente) VALUES (1921, 190, '2025-04-24', 1); 
 INSERT INTO asistencias (id, alumno_id, fecha, presente) VALUES (1922, 190, '2025-03-17', 1); 
 INSERT INTO asistencias (id, alumno_id, fecha, presente) VALUES (1923, 190, '2025-03-01', 1); 
 INSERT INTO asistencias (id, alumno_id, fecha, presente) VALUES (1924, 190, '2025-03-26', 1); 
 INSERT INTO asistencias (id, alumno_id, fecha, presente) VALUES (1925, 190, '2025-03-03', 1); 
 INSERT INTO asistencias (id, alumno_id, fecha, presente) VALUES (1926, 190, '2025-04-03', 1); 
 INSERT INTO asistencias (id, alumno_id, fecha, presente) VALUES (1927, 190, '2025-04-27', 1); 
 INSERT INTO asistencias (id, alumno_id, fecha, presente) VALUES (1928, 190, '2025-03-31', 1); 
 INSERT INTO asistencias (id, alumno_id, fecha, presente) VALUES (1929, 191, '2025-03-06', 1); 
 INSERT INTO asistencias (id, alumno_id, fecha, presente) VALUES (1930, 191, '2025-03-05', 1); 
 INSERT INTO asistencias (id, alumno_id, fecha, presente) VALUES (1931, 191, '2025-04-23', 1); 
 INSERT INTO asistencias (id, alumno_id, fecha, presente) VALUES (1932, 191, '2025-04-29', 1); 
 INSERT INTO asistencias (id, alumno_id, fecha, presente) VALUES (1933, 191, '2025-03-20', 1); 
 INSERT INTO asistencias (id, alumno_id, fecha, presente) VALUES (1934, 191, '2025-03-11', 1); 
 INSERT INTO asistencias (id, alumno_id, fecha, presente) VALUES (1935, 191, '2025-03-16', 1); 
 INSERT INTO asistencias (id, alumno_id, fecha, presente) VALUES (1936, 191, '2025-04-17', 1); 
 INSERT INTO asistencias (id, alumno_id, fecha, presente) VALUES (1938, 191, '2025-04-03', 1); 
 INSERT INTO asistencias (id, alumno_id, fecha, presente) VALUES (1939, 192, '2025-03-30', 1); 
 INSERT INTO asistencias (id, alumno_id, fecha, presente) VALUES (1940, 192, '2025-03-08', 1); 
 INSERT INTO asistencias (id, alumno_id, fecha, presente) VALUES (1941, 192, '2025-04-19', 1); 
 INSERT INTO asistencias (id, alumno_id, fecha, presente) VALUES (1942, 192, '2025-03-13', 1); 
 INSERT INTO asistencias (id, alumno_id, fecha, presente) VALUES (1943, 192, '2025-04-07', 1); 
 INSERT INTO asistencias (id, alumno_id, fecha, presente) VALUES (1944, 192, '2025-03-16', 1); 
 INSERT INTO asistencias (id, alumno_id, fecha, presente) VALUES (1945, 192, '2025-04-11', 1); 
 INSERT INTO asistencias (id, alumno_id, fecha, presente) VALUES (1946, 192, '2025-04-30', 1); 
 INSERT INTO asistencias (id, alumno_id, fecha, presente) VALUES (1947, 192, '2025-04-22', 1); 
 INSERT INTO asistencias (id, alumno_id, fecha, presente) VALUES (1948, 192, '2025-04-28', 1); 
 INSERT INTO asistencias (id, alumno_id, fecha, presente) VALUES (1949, 193, '2025-04-23', 1); 
 INSERT INTO asistencias (id, alumno_id, fecha, presente) VALUES (1950, 193, '2025-04-01', 1); 
 INSERT INTO asistencias (id, alumno_id, fecha, presente) VALUES (1951, 193, '2025-03-11', 1); 
 INSERT INTO asistencias (id, alumno_id, fecha, presente) VALUES (1952, 193, '2025-04-26', 1); 
 INSERT INTO asistencias (id, alumno_id, fecha, presente) VALUES (1953, 193, '2025-04-17', 1); 
 INSERT INTO asistencias (id, alumno_id, fecha, presente) VALUES (1954, 193, '2025-03-22', 1); 
 INSERT INTO asistencias (id, alumno_id, fecha, presente) VALUES (1955, 193, '2025-03-29', 1); 
 INSERT INTO asistencias (id, alumno_id, fecha, presente) VALUES (1956, 193, '2025-04-09', 1); 
 INSERT INTO asistencias (id, alumno_id, fecha, presente) VALUES (1957, 193, '2025-03-15', 1); 
 INSERT INTO asistencias (id, alumno_id, fecha, presente) VALUES (1958, 193, '2025-04-06', 1); 
 INSERT INTO asistencias (id, alumno_id, fecha, presente) VALUES (1959, 194, '2025-03-19', 1); 
 INSERT INTO asistencias (id, alumno_id, fecha, presente) VALUES (1960, 194, '2025-03-18', 1); 
 INSERT INTO asistencias (id, alumno_id, fecha, presente) VALUES (1961, 194, '2025-03-21', 1); 
 INSERT INTO asistencias (id, alumno_id, fecha, presente) VALUES (1962, 194, '2025-04-19', 1); 
 INSERT INTO asistencias (id, alumno_id, fecha, presente) VALUES (1963, 194, '2025-04-11', 1); 
 INSERT INTO asistencias (id, alumno_id, fecha, presente) VALUES (1965, 194, '2025-04-27', 1); 
 INSERT INTO asistencias (id, alumno_id, fecha, presente) VALUES (1966, 194, '2025-04-12', 1); 
 INSERT INTO asistencias (id, alumno_id, fecha, presente) VALUES (1967, 194, '2025-04-09', 1); 
 INSERT INTO asistencias (id, alumno_id, fecha, presente) VALUES (1968, 194, '2025-04-25', 1); 
 INSERT INTO asistencias (id, alumno_id, fecha, presente) VALUES (1969, 195, '2025-04-26', 1); 
 INSERT INTO asistencias (id, alumno_id, fecha, presente) VALUES (1970, 195, '2025-03-10', 1); 
 INSERT INTO asistencias (id, alumno_id, fecha, presente) VALUES (1971, 195, '2025-03-18', 1); 
 INSERT INTO asistencias (id, alumno_id, fecha, presente) VALUES (1972, 195, '2025-03-28', 1); 
 INSERT INTO asistencias (id, alumno_id, fecha, presente) VALUES (1973, 195, '2025-04-20', 1); 
 INSERT INTO asistencias (id, alumno_id, fecha, presente) VALUES (1974, 195, '2025-03-24', 1); 
 INSERT INTO asistencias (id, alumno_id, fecha, presente) VALUES (1975, 195, '2025-03-05', 1); 
 INSERT INTO asistencias (id, alumno_id, fecha, presente) VALUES (1976, 195, '2025-04-05', 1); 
 INSERT INTO asistencias (id, alumno_id, fecha, presente) VALUES (1977, 195, '2025-03-25', 1); 
 INSERT INTO asistencias (id, alumno_id, fecha, presente) VALUES (1979, 196, '2025-04-12', 1); 
 INSERT INTO asistencias (id, alumno_id, fecha, presente) VALUES (1980, 196, '2025-03-13', 1); 
 INSERT INTO asistencias (id, alumno_id, fecha, presente) VALUES (1981, 196, '2025-03-17', 1); 
 INSERT INTO asistencias (id, alumno_id, fecha, presente) VALUES (1982, 196, '2025-03-14', 1); 
 INSERT INTO asistencias (id, alumno_id, fecha, presente) VALUES (1983, 196, '2025-04-26', 1); 
 INSERT INTO asistencias (id, alumno_id, fecha, presente) VALUES (1984, 196, '2025-04-07', 1); 
 INSERT INTO asistencias (id, alumno_id, fecha, presente) VALUES (1986, 196, '2025-04-11', 1); 
 INSERT INTO asistencias (id, alumno_id, fecha, presente) VALUES (1987, 196, '2025-04-18', 1); 
 INSERT INTO asistencias (id, alumno_id, fecha, presente) VALUES (1988, 196, '2025-03-06', 1); 
 INSERT INTO asistencias (id, alumno_id, fecha, presente) VALUES (1989, 197, '2025-03-19', 1); 
 INSERT INTO asistencias (id, alumno_id, fecha, presente) VALUES (1990, 197, '2025-03-26', 1); 
 INSERT INTO asistencias (id, alumno_id, fecha, presente) VALUES (1991, 197, '2025-03-13', 1); 
 INSERT INTO asistencias (id, alumno_id, fecha, presente) VALUES (1992, 197, '2025-03-24', 1); 
 INSERT INTO asistencias (id, alumno_id, fecha, presente) VALUES (1993, 197, '2025-03-09', 1); 
 INSERT INTO asistencias (id, alumno_id, fecha, presente) VALUES (1994, 197, '2025-04-15', 1); 
 INSERT INTO asistencias (id, alumno_id, fecha, presente) VALUES (1995, 197, '2025-04-08', 1); 
 INSERT INTO asistencias (id, alumno_id, fecha, presente) VALUES (1996, 197, '2025-04-09', 1); 
 INSERT INTO asistencias (id, alumno_id, fecha, presente) VALUES (1997, 197, '2025-03-02', 1); 
 INSERT INTO asistencias (id, alumno_id, fecha, presente) VALUES (1998, 197, '2025-03-12', 1); 
 INSERT INTO asistencias (id, alumno_id, fecha, presente) VALUES (1999, 198, '2025-03-20', 1); 
 INSERT INTO asistencias (id, alumno_id, fecha, presente) VALUES (2000, 198, '2025-04-24', 1); 
 INSERT INTO asistencias (id, alumno_id, fecha, presente) VALUES (2002, 198, '2025-04-10', 1); 
 INSERT INTO asistencias (id, alumno_id, fecha, presente) VALUES (2003, 198, '2025-03-12', 1); 
 INSERT INTO asistencias (id, alumno_id, fecha, presente) VALUES (2004, 198, '2025-04-16', 1); 
 INSERT INTO asistencias (id, alumno_id, fecha, presente) VALUES (2005, 198, '2025-04-22', 1); 
 INSERT INTO asistencias (id, alumno_id, fecha, presente) VALUES (2006, 198, '2025-04-25', 1); 
 INSERT INTO asistencias (id, alumno_id, fecha, presente) VALUES (2007, 198, '2025-03-10', 1); 
 INSERT INTO asistencias (id, alumno_id, fecha, presente) VALUES (2009, 199, '2025-03-29', 1); 
 INSERT INTO asistencias (id, alumno_id, fecha, presente) VALUES (2010, 199, '2025-04-08', 1); 
 INSERT INTO asistencias (id, alumno_id, fecha, presente) VALUES (2011, 199, '2025-04-03', 1); 
 INSERT INTO asistencias (id, alumno_id, fecha, presente) VALUES (2012, 199, '2025-04-30', 1); 
 INSERT INTO asistencias (id, alumno_id, fecha, presente) VALUES (2013, 199, '2025-03-12', 1); 
 INSERT INTO asistencias (id, alumno_id, fecha, presente) VALUES (2014, 199, '2025-03-08', 1); 
 INSERT INTO asistencias (id, alumno_id, fecha, presente) VALUES (2016, 199, '2025-04-20', 1); 
 INSERT INTO asistencias (id, alumno_id, fecha, presente) VALUES (2017, 199, '2025-04-01', 1); 
 INSERT INTO asistencias (id, alumno_id, fecha, presente) VALUES (2018, 199, '2025-04-16', 1); 
 INSERT INTO asistencias (id, alumno_id, fecha, presente) VALUES (2019, 200, '2025-04-19', 1); 
 INSERT INTO asistencias (id, alumno_id, fecha, presente) VALUES (2020, 200, '2025-04-26', 1); 
 INSERT INTO asistencias (id, alumno_id, fecha, presente) VALUES (2021, 200, '2025-03-29', 1); 
 INSERT INTO asistencias (id, alumno_id, fecha, presente) VALUES (2022, 200, '2025-03-16', 1); 
 INSERT INTO asistencias (id, alumno_id, fecha, presente) VALUES (2023, 200, '2025-03-17', 1); 
 INSERT INTO asistencias (id, alumno_id, fecha, presente) VALUES (2024, 200, '2025-04-08', 1); 
 INSERT INTO asistencias (id, alumno_id, fecha, presente) VALUES (2025, 200, '2025-04-23', 1); 
 INSERT INTO asistencias (id, alumno_id, fecha, presente) VALUES (2027, 200, '2025-04-01', 1); 
 INSERT INTO asistencias (id, alumno_id, fecha, presente) VALUES (2028, 200, '2025-04-30', 1); 
 INSERT INTO asistencias (id, alumno_id, fecha, presente) VALUES (2029, 201, '2025-03-12', 1); 
 INSERT INTO asistencias (id, alumno_id, fecha, presente) VALUES (2030, 201, '2025-04-19', 1); 
 INSERT INTO asistencias (id, alumno_id, fecha, presente) VALUES (2031, 201, '2025-03-02', 1); 
 INSERT INTO asistencias (id, alumno_id, fecha, presente) VALUES (2032, 201, '2025-03-09', 1); 
 INSERT INTO asistencias (id, alumno_id, fecha, presente) VALUES (2033, 201, '2025-03-18', 1); 
 INSERT INTO asistencias (id, alumno_id, fecha, presente) VALUES (2034, 201, '2025-04-28', 1); 
 INSERT INTO asistencias (id, alumno_id, fecha, presente) VALUES (2035, 201, '2025-04-12', 1); 
 INSERT INTO asistencias (id, alumno_id, fecha, presente) VALUES (2036, 201, '2025-04-17', 1); 
 INSERT INTO asistencias (id, alumno_id, fecha, presente) VALUES (2037, 201, '2025-03-11', 1); 
 INSERT INTO asistencias (id, alumno_id, fecha, presente) VALUES (2038, 201, '2025-04-18', 1); 
 INSERT INTO asistencias (id, alumno_id, fecha, presente) VALUES (2039, 202, '2025-03-07', 1); 
 INSERT INTO asistencias (id, alumno_id, fecha, presente) VALUES (2040, 202, '2025-04-09', 1); 
 INSERT INTO asistencias (id, alumno_id, fecha, presente) VALUES (2041, 202, '2025-03-30', 1); 
 INSERT INTO asistencias (id, alumno_id, fecha, presente) VALUES (2042, 202, '2025-03-27', 1); 
 INSERT INTO asistencias (id, alumno_id, fecha, presente) VALUES (2043, 202, '2025-03-08', 1); 
 INSERT INTO asistencias (id, alumno_id, fecha, presente) VALUES (2044, 202, '2025-03-11', 1); 
 INSERT INTO asistencias (id, alumno_id, fecha, presente) VALUES (2045, 202, '2025-03-03', 1); 
 INSERT INTO asistencias (id, alumno_id, fecha, presente) VALUES (2046, 202, '2025-04-08', 1); 
 INSERT INTO asistencias (id, alumno_id, fecha, presente) VALUES (2047, 202, '2025-03-21', 1); 
 INSERT INTO asistencias (id, alumno_id, fecha, presente) VALUES (2048, 202, '2025-04-16', 1); 
 INSERT INTO asistencias (id, alumno_id, fecha, presente) VALUES (2049, 203, '2025-04-19', 1); 
 INSERT INTO asistencias (id, alumno_id, fecha, presente) VALUES (2050, 203, '2025-04-21', 1); 
 INSERT INTO asistencias (id, alumno_id, fecha, presente) VALUES (2051, 203, '2025-03-02', 1); 
 INSERT INTO asistencias (id, alumno_id, fecha, presente) VALUES (2052, 203, '2025-03-15', 1); 
 INSERT INTO asistencias (id, alumno_id, fecha, presente) VALUES (2053, 203, '2025-04-24', 1); 
 INSERT INTO asistencias (id, alumno_id, fecha, presente) VALUES (2054, 203, '2025-04-22', 1); 
 INSERT INTO asistencias (id, alumno_id, fecha, presente) VALUES (2055, 203, '2025-04-09', 1); 
 INSERT INTO asistencias (id, alumno_id, fecha, presente) VALUES (2059, 204, '2025-04-30', 1); 
 INSERT INTO asistencias (id, alumno_id, fecha, presente) VALUES (2060, 204, '2025-04-14', 1); 
 INSERT INTO asistencias (id, alumno_id, fecha, presente) VALUES (2061, 204, '2025-03-26', 1); 
 INSERT INTO asistencias (id, alumno_id, fecha, presente) VALUES (2062, 204, '2025-04-18', 1); 
 INSERT INTO asistencias (id, alumno_id, fecha, presente) VALUES (2063, 204, '2025-03-20', 1); 
 INSERT INTO asistencias (id, alumno_id, fecha, presente) VALUES (2064, 204, '2025-04-20', 1); 
 INSERT INTO asistencias (id, alumno_id, fecha, presente) VALUES (2065, 204, '2025-03-05', 1); 
 INSERT INTO asistencias (id, alumno_id, fecha, presente) VALUES (2066, 204, '2025-04-29', 1); 
 INSERT INTO asistencias (id, alumno_id, fecha, presente) VALUES (2067, 204, '2025-03-13', 1); 
 INSERT INTO asistencias (id, alumno_id, fecha, presente) VALUES (2069, 205, '2025-03-17', 1); 
 INSERT INTO asistencias (id, alumno_id, fecha, presente) VALUES (2070, 205, '2025-04-13', 1); 
 INSERT INTO asistencias (id, alumno_id, fecha, presente) VALUES (2071, 205, '2025-03-23', 1); 
 INSERT INTO asistencias (id, alumno_id, fecha, presente) VALUES (2072, 205, '2025-04-06', 1); 
 INSERT INTO asistencias (id, alumno_id, fecha, presente) VALUES (2073, 205, '2025-04-10', 1); 
 INSERT INTO asistencias (id, alumno_id, fecha, presente) VALUES (2075, 205, '2025-03-05', 1); 
 INSERT INTO asistencias (id, alumno_id, fecha, presente) VALUES (2076, 205, '2025-03-29', 1); 
 INSERT INTO asistencias (id, alumno_id, fecha, presente) VALUES (2077, 205, '2025-04-26', 1); 
 INSERT INTO asistencias (id, alumno_id, fecha, presente) VALUES (2078, 205, '2025-03-27', 1); 
 INSERT INTO asistencias (id, alumno_id, fecha, presente) VALUES (2079, 206, '2025-03-27', 1); 
 INSERT INTO asistencias (id, alumno_id, fecha, presente) VALUES (2080, 206, '2025-03-28', 1); 
 INSERT INTO asistencias (id, alumno_id, fecha, presente) VALUES (2081, 206, '2025-03-02', 1); 
 INSERT INTO asistencias (id, alumno_id, fecha, presente) VALUES (2082, 206, '2025-04-15', 1); 
 INSERT INTO asistencias (id, alumno_id, fecha, presente) VALUES (2083, 206, '2025-04-14', 1); 
 INSERT INTO asistencias (id, alumno_id, fecha, presente) VALUES (2085, 206, '2025-03-16', 1); 
 INSERT INTO asistencias (id, alumno_id, fecha, presente) VALUES (2086, 206, '2025-03-18', 1); 
 INSERT INTO asistencias (id, alumno_id, fecha, presente) VALUES (2087, 206, '2025-03-12', 1); 
 INSERT INTO asistencias (id, alumno_id, fecha, presente) VALUES (2088, 206, '2025-03-04', 1); 
 INSERT INTO asistencias (id, alumno_id, fecha, presente) VALUES (2089, 207, '2025-03-05', 1); 
 INSERT INTO asistencias (id, alumno_id, fecha, presente) VALUES (2090, 207, '2025-04-10', 1); 
 INSERT INTO asistencias (id, alumno_id, fecha, presente) VALUES (2091, 207, '2025-03-20', 1); 
 INSERT INTO asistencias (id, alumno_id, fecha, presente) VALUES (2092, 207, '2025-03-22', 1); 
 INSERT INTO asistencias (id, alumno_id, fecha, presente) VALUES (2093, 207, '2025-04-28', 1); 
 INSERT INTO asistencias (id, alumno_id, fecha, presente) VALUES (2094, 207, '2025-03-15', 1); 
 INSERT INTO asistencias (id, alumno_id, fecha, presente) VALUES (2095, 207, '2025-03-16', 1); 
 INSERT INTO asistencias (id, alumno_id, fecha, presente) VALUES (2096, 207, '2025-03-28', 1); 
 INSERT INTO asistencias (id, alumno_id, fecha, presente) VALUES (2097, 207, '2025-04-13', 1); 
 INSERT INTO asistencias (id, alumno_id, fecha, presente) VALUES (2098, 207, '2025-04-02', 1); 
 INSERT INTO asistencias (id, alumno_id, fecha, presente) VALUES (2099, 208, '2025-03-02', 1); 
 INSERT INTO asistencias (id, alumno_id, fecha, presente) VALUES (2100, 208, '2025-03-31', 1); 
 INSERT INTO asistencias (id, alumno_id, fecha, presente) VALUES (2101, 208, '2025-03-22', 1); 
 INSERT INTO asistencias (id, alumno_id, fecha, presente) VALUES (2102, 208, '2025-04-18', 1); 
 INSERT INTO asistencias (id, alumno_id, fecha, presente) VALUES (2103, 208, '2025-03-12', 1); 
 INSERT INTO asistencias (id, alumno_id, fecha, presente) VALUES (2104, 208, '2025-04-27', 1); 
 INSERT INTO asistencias (id, alumno_id, fecha, presente) VALUES (2105, 208, '2025-04-22', 1); 
 INSERT INTO asistencias (id, alumno_id, fecha, presente) VALUES (2108, 208, '2025-04-19', 1); 
 INSERT INTO asistencias (id, alumno_id, fecha, presente) VALUES (2109, 209, '2025-04-02', 1); 
 INSERT INTO asistencias (id, alumno_id, fecha, presente) VALUES (2110, 209, '2025-03-30', 1); 
 INSERT INTO asistencias (id, alumno_id, fecha, presente) VALUES (2111, 209, '2025-03-13', 1); 
 INSERT INTO asistencias (id, alumno_id, fecha, presente) VALUES (2112, 209, '2025-04-20', 1); 
 INSERT INTO asistencias (id, alumno_id, fecha, presente) VALUES (2113, 209, '2025-03-05', 1); 
 INSERT INTO asistencias (id, alumno_id, fecha, presente) VALUES (2115, 209, '2025-03-23', 1); 
 INSERT INTO asistencias (id, alumno_id, fecha, presente) VALUES (2116, 209, '2025-04-05', 1); 
 INSERT INTO asistencias (id, alumno_id, fecha, presente) VALUES (2118, 209, '2025-03-10', 1); 
 INSERT INTO asistencias (id, alumno_id, fecha, presente) VALUES (2119, 210, '2025-03-21', 1); 
 INSERT INTO asistencias (id, alumno_id, fecha, presente) VALUES (2120, 210, '2025-04-27', 1); 
 INSERT INTO asistencias (id, alumno_id, fecha, presente) VALUES (2121, 210, '2025-03-04', 1); 
 INSERT INTO asistencias (id, alumno_id, fecha, presente) VALUES (2122, 210, '2025-03-10', 1); 
 INSERT INTO asistencias (id, alumno_id, fecha, presente) VALUES (2123, 210, '2025-04-19', 1); 
 INSERT INTO asistencias (id, alumno_id, fecha, presente) VALUES (2124, 210, '2025-04-18', 1); 
 INSERT INTO asistencias (id, alumno_id, fecha, presente) VALUES (2125, 210, '2025-04-11', 1); 
 INSERT INTO asistencias (id, alumno_id, fecha, presente) VALUES (2126, 210, '2025-03-18', 1); 
 INSERT INTO asistencias (id, alumno_id, fecha, presente) VALUES (2127, 210, '2025-04-25', 1); 
 INSERT INTO asistencias (id, alumno_id, fecha, presente) VALUES (2129, 211, '2025-03-29', 1); 
 INSERT INTO asistencias (id, alumno_id, fecha, presente) VALUES (2130, 211, '2025-04-04', 1); 
 INSERT INTO asistencias (id, alumno_id, fecha, presente) VALUES (2131, 211, '2025-04-20', 1); 
 INSERT INTO asistencias (id, alumno_id, fecha, presente) VALUES (2132, 211, '2025-03-19', 1); 
 INSERT INTO asistencias (id, alumno_id, fecha, presente) VALUES (2133, 211, '2025-03-09', 1); 
 INSERT INTO asistencias (id, alumno_id, fecha, presente) VALUES (2134, 211, '2025-03-12', 1); 
 INSERT INTO asistencias (id, alumno_id, fecha, presente) VALUES (2135, 211, '2025-03-21', 1); 
 INSERT INTO asistencias (id, alumno_id, fecha, presente) VALUES (2136, 211, '2025-03-23', 1); 
 INSERT INTO asistencias (id, alumno_id, fecha, presente) VALUES (2137, 211, '2025-03-13', 1); 
 INSERT INTO asistencias (id, alumno_id, fecha, presente) VALUES (2138, 211, '2025-04-25', 1); 
 INSERT INTO asistencias (id, alumno_id, fecha, presente) VALUES (2139, 212, '2025-03-25', 1); 
 INSERT INTO asistencias (id, alumno_id, fecha, presente) VALUES (2140, 212, '2025-03-23', 1); 
 INSERT INTO asistencias (id, alumno_id, fecha, presente) VALUES (2141, 212, '2025-03-15', 1); 
 INSERT INTO asistencias (id, alumno_id, fecha, presente) VALUES (2142, 212, '2025-04-26', 1); 
 INSERT INTO asistencias (id, alumno_id, fecha, presente) VALUES (2143, 212, '2025-04-30', 1); 
 INSERT INTO asistencias (id, alumno_id, fecha, presente) VALUES (2144, 212, '2025-04-25', 1); 
 INSERT INTO asistencias (id, alumno_id, fecha, presente) VALUES (2145, 212, '2025-03-26', 1); 
 INSERT INTO asistencias (id, alumno_id, fecha, presente) VALUES (2147, 212, '2025-04-28', 1); 
 INSERT INTO asistencias (id, alumno_id, fecha, presente) VALUES (2148, 212, '2025-04-20', 1); 
 INSERT INTO asistencias (id, alumno_id, fecha, presente) VALUES (2149, 213, '2025-03-12', 1); 
 INSERT INTO asistencias (id, alumno_id, fecha, presente) VALUES (2150, 213, '2025-03-07', 1); 
 INSERT INTO asistencias (id, alumno_id, fecha, presente) VALUES (2151, 213, '2025-04-18', 1); 
 INSERT INTO asistencias (id, alumno_id, fecha, presente) VALUES (2152, 213, '2025-04-01', 1); 
 INSERT INTO asistencias (id, alumno_id, fecha, presente) VALUES (2153, 213, '2025-03-26', 1); 
 INSERT INTO asistencias (id, alumno_id, fecha, presente) VALUES (2154, 213, '2025-03-29', 1); 
 INSERT INTO asistencias (id, alumno_id, fecha, presente) VALUES (2155, 213, '2025-03-05', 1); 
 INSERT INTO asistencias (id, alumno_id, fecha, presente) VALUES (2156, 213, '2025-04-22', 1); 
 INSERT INTO asistencias (id, alumno_id, fecha, presente) VALUES (2157, 213, '2025-03-22', 1); 
 INSERT INTO asistencias (id, alumno_id, fecha, presente) VALUES (2158, 213, '2025-03-25', 1); 
 INSERT INTO asistencias (id, alumno_id, fecha, presente) VALUES (2159, 214, '2025-04-14', 1); 
 INSERT INTO asistencias (id, alumno_id, fecha, presente) VALUES (2160, 214, '2025-03-02', 1); 
 INSERT INTO asistencias (id, alumno_id, fecha, presente) VALUES (2161, 214, '2025-03-01', 1); 
 INSERT INTO asistencias (id, alumno_id, fecha, presente) VALUES (2162, 214, '2025-04-02', 1); 
 INSERT INTO asistencias (id, alumno_id, fecha, presente) VALUES (2163, 214, '2025-04-08', 1); 
 INSERT INTO asistencias (id, alumno_id, fecha, presente) VALUES (2164, 214, '2025-04-29', 1); 
 INSERT INTO asistencias (id, alumno_id, fecha, presente) VALUES (2166, 214, '2025-03-10', 1); 
 INSERT INTO asistencias (id, alumno_id, fecha, presente) VALUES (2167, 214, '2025-04-21', 1); 
 INSERT INTO asistencias (id, alumno_id, fecha, presente) VALUES (2168, 214, '2025-03-24', 1); 
 INSERT INTO asistencias (id, alumno_id, fecha, presente) VALUES (2169, 215, '2025-04-18', 1); 
 INSERT INTO asistencias (id, alumno_id, fecha, presente) VALUES (2170, 215, '2025-04-27', 1); 
 INSERT INTO asistencias (id, alumno_id, fecha, presente) VALUES (2171, 215, '2025-03-02', 1); 
 INSERT INTO asistencias (id, alumno_id, fecha, presente) VALUES (2172, 215, '2025-03-20', 1); 
 INSERT INTO asistencias (id, alumno_id, fecha, presente) VALUES (2173, 215, '2025-04-30', 1); 
 INSERT INTO asistencias (id, alumno_id, fecha, presente) VALUES (2174, 215, '2025-03-05', 1); 
 INSERT INTO asistencias (id, alumno_id, fecha, presente) VALUES (2175, 215, '2025-04-12', 1); 
 INSERT INTO asistencias (id, alumno_id, fecha, presente) VALUES (2176, 215, '2025-03-19', 1); 
 INSERT INTO asistencias (id, alumno_id, fecha, presente) VALUES (2177, 215, '2025-03-27', 1); 
 INSERT INTO asistencias (id, alumno_id, fecha, presente) VALUES (2178, 215, '2025-04-11', 1); 
 INSERT INTO asistencias (id, alumno_id, fecha, presente) VALUES (2179, 216, '2025-04-18', 1); 
 INSERT INTO asistencias (id, alumno_id, fecha, presente) VALUES (2180, 216, '2025-04-25', 1); 
 INSERT INTO asistencias (id, alumno_id, fecha, presente) VALUES (2181, 216, '2025-03-14', 1); 
 INSERT INTO asistencias (id, alumno_id, fecha, presente) VALUES (2182, 216, '2025-03-16', 1); 
 INSERT INTO asistencias (id, alumno_id, fecha, presente) VALUES (2183, 216, '2025-03-21', 1); 
 INSERT INTO asistencias (id, alumno_id, fecha, presente) VALUES (2184, 216, '2025-04-17', 1); 
 INSERT INTO asistencias (id, alumno_id, fecha, presente) VALUES (2185, 216, '2025-04-16', 1); 
 INSERT INTO asistencias (id, alumno_id, fecha, presente) VALUES (2186, 216, '2025-04-06', 1); 
 INSERT INTO asistencias (id, alumno_id, fecha, presente) VALUES (2187, 216, '2025-03-24', 1); 
 INSERT INTO asistencias (id, alumno_id, fecha, presente) VALUES (2188, 216, '2025-04-26', 1); 
 INSERT INTO asistencias (id, alumno_id, fecha, presente) VALUES (2189, 217, '2025-03-21', 1); 
 INSERT INTO asistencias (id, alumno_id, fecha, presente) VALUES (2190, 217, '2025-04-05', 1); 
 INSERT INTO asistencias (id, alumno_id, fecha, presente) VALUES (2191, 217, '2025-04-24', 1); 
 INSERT INTO asistencias (id, alumno_id, fecha, presente) VALUES (2192, 217, '2025-04-16', 1); 
 INSERT INTO asistencias (id, alumno_id, fecha, presente) VALUES (2193, 217, '2025-03-02', 1); 
 INSERT INTO asistencias (id, alumno_id, fecha, presente) VALUES (2195, 217, '2025-03-06', 1); 
 INSERT INTO asistencias (id, alumno_id, fecha, presente) VALUES (2196, 217, '2025-04-23', 1); 
 INSERT INTO asistencias (id, alumno_id, fecha, presente) VALUES (2197, 217, '2025-04-26', 1); 
 INSERT INTO asistencias (id, alumno_id, fecha, presente) VALUES (2199, 218, '2025-03-05', 1); 
 INSERT INTO asistencias (id, alumno_id, fecha, presente) VALUES (2200, 218, '2025-03-29', 1); 
 INSERT INTO asistencias (id, alumno_id, fecha, presente) VALUES (2201, 218, '2025-04-13', 1); 
 INSERT INTO asistencias (id, alumno_id, fecha, presente) VALUES (2202, 218, '2025-03-19', 1); 
 INSERT INTO asistencias (id, alumno_id, fecha, presente) VALUES (2203, 218, '2025-04-23', 1); 
 INSERT INTO asistencias (id, alumno_id, fecha, presente) VALUES (2204, 218, '2025-04-03', 1); 
 INSERT INTO asistencias (id, alumno_id, fecha, presente) VALUES (2205, 218, '2025-03-16', 1); 
 INSERT INTO asistencias (id, alumno_id, fecha, presente) VALUES (2206, 218, '2025-03-10', 1); 
 INSERT INTO asistencias (id, alumno_id, fecha, presente) VALUES (2207, 218, '2025-03-12', 1); 
 INSERT INTO asistencias (id, alumno_id, fecha, presente) VALUES (2208, 218, '2025-03-15', 1); 
 INSERT INTO asistencias (id, alumno_id, fecha, presente) VALUES (2209, 219, '2025-03-04', 1); 
 INSERT INTO asistencias (id, alumno_id, fecha, presente) VALUES (2210, 219, '2025-04-08', 1); 
 INSERT INTO asistencias (id, alumno_id, fecha, presente) VALUES (2211, 219, '2025-04-24', 1); 
 INSERT INTO asistencias (id, alumno_id, fecha, presente) VALUES (2212, 219, '2025-03-19', 1); 
 INSERT INTO asistencias (id, alumno_id, fecha, presente) VALUES (2213, 219, '2025-03-21', 1); 
 INSERT INTO asistencias (id, alumno_id, fecha, presente) VALUES (2214, 219, '2025-04-04', 1); 
 INSERT INTO asistencias (id, alumno_id, fecha, presente) VALUES (2216, 219, '2025-03-25', 1); 
 INSERT INTO asistencias (id, alumno_id, fecha, presente) VALUES (2217, 219, '2025-03-22', 1); 
 INSERT INTO asistencias (id, alumno_id, fecha, presente) VALUES (2218, 219, '2025-04-26', 1); 
 INSERT INTO asistencias (id, alumno_id, fecha, presente) VALUES (2219, 220, '2025-03-10', 1); 
 INSERT INTO asistencias (id, alumno_id, fecha, presente) VALUES (2220, 220, '2025-03-15', 1); 
 INSERT INTO asistencias (id, alumno_id, fecha, presente) VALUES (2221, 220, '2025-04-20', 1); 
 INSERT INTO asistencias (id, alumno_id, fecha, presente) VALUES (2222, 220, '2025-03-04', 1); 
 INSERT INTO asistencias (id, alumno_id, fecha, presente) VALUES (2223, 220, '2025-03-06', 1); 
 INSERT INTO asistencias (id, alumno_id, fecha, presente) VALUES (2224, 220, '2025-03-16', 1); 
 INSERT INTO asistencias (id, alumno_id, fecha, presente) VALUES (2225, 220, '2025-03-31', 1); 
 INSERT INTO asistencias (id, alumno_id, fecha, presente) VALUES (2226, 220, '2025-03-14', 1); 
 INSERT INTO asistencias (id, alumno_id, fecha, presente) VALUES (2228, 220, '2025-04-06', 1); 
 INSERT INTO asistencias (id, alumno_id, fecha, presente) VALUES (2229, 221, '2025-03-14', 1); 
 INSERT INTO asistencias (id, alumno_id, fecha, presente) VALUES (2230, 221, '2025-03-22', 1); 
 INSERT INTO asistencias (id, alumno_id, fecha, presente) VALUES (2231, 221, '2025-03-31', 1); 
 INSERT INTO asistencias (id, alumno_id, fecha, presente) VALUES (2232, 221, '2025-03-25', 1); 
 INSERT INTO asistencias (id, alumno_id, fecha, presente) VALUES (2233, 221, '2025-04-05', 1); 
 INSERT INTO asistencias (id, alumno_id, fecha, presente) VALUES (2234, 221, '2025-03-24', 1); 
 INSERT INTO asistencias (id, alumno_id, fecha, presente) VALUES (2235, 221, '2025-03-27', 1); 
 INSERT INTO asistencias (id, alumno_id, fecha, presente) VALUES (2236, 221, '2025-04-12', 1); 
 INSERT INTO asistencias (id, alumno_id, fecha, presente) VALUES (2237, 221, '2025-04-27', 1); 
 INSERT INTO asistencias (id, alumno_id, fecha, presente) VALUES (2238, 221, '2025-04-03', 1); 
 INSERT INTO asistencias (id, alumno_id, fecha, presente) VALUES (2239, 222, '2025-04-14', 1); 
 INSERT INTO asistencias (id, alumno_id, fecha, presente) VALUES (2240, 222, '2025-03-02', 1); 
 INSERT INTO asistencias (id, alumno_id, fecha, presente) VALUES (2241, 222, '2025-04-25', 1); 
 INSERT INTO asistencias (id, alumno_id, fecha, presente) VALUES (2242, 222, '2025-03-01', 1); 
 INSERT INTO asistencias (id, alumno_id, fecha, presente) VALUES (2243, 222, '2025-04-17', 1); 
 INSERT INTO asistencias (id, alumno_id, fecha, presente) VALUES (2244, 222, '2025-03-18', 1); 
 INSERT INTO asistencias (id, alumno_id, fecha, presente) VALUES (2245, 222, '2025-04-20', 1); 
 INSERT INTO asistencias (id, alumno_id, fecha, presente) VALUES (2246, 222, '2025-04-06', 1); 
 INSERT INTO asistencias (id, alumno_id, fecha, presente) VALUES (2247, 222, '2025-04-07', 1); 
 INSERT INTO asistencias (id, alumno_id, fecha, presente) VALUES (2248, 222, '2025-03-04', 1); 
 INSERT INTO asistencias (id, alumno_id, fecha, presente) VALUES (2249, 223, '2025-03-08', 1); 
 INSERT INTO asistencias (id, alumno_id, fecha, presente) VALUES (2250, 223, '2025-03-12', 1); 
 INSERT INTO asistencias (id, alumno_id, fecha, presente) VALUES (2251, 223, '2025-03-28', 1); 
 INSERT INTO asistencias (id, alumno_id, fecha, presente) VALUES (2252, 223, '2025-04-05', 1); 
 INSERT INTO asistencias (id, alumno_id, fecha, presente) VALUES (2253, 223, '2025-03-20', 1); 
 INSERT INTO asistencias (id, alumno_id, fecha, presente) VALUES (2254, 223, '2025-04-03', 1); 
 INSERT INTO asistencias (id, alumno_id, fecha, presente) VALUES (2255, 223, '2025-03-26', 1); 
 INSERT INTO asistencias (id, alumno_id, fecha, presente) VALUES (2256, 223, '2025-04-08', 1); 
 INSERT INTO asistencias (id, alumno_id, fecha, presente) VALUES (2257, 223, '2025-03-03', 1); 
 INSERT INTO asistencias (id, alumno_id, fecha, presente) VALUES (2258, 223, '2025-03-29', 1); 
 INSERT INTO asistencias (id, alumno_id, fecha, presente) VALUES (2259, 224, '2025-04-17', 1); 
 INSERT INTO asistencias (id, alumno_id, fecha, presente) VALUES (2260, 224, '2025-03-27', 1); 
 INSERT INTO asistencias (id, alumno_id, fecha, presente) VALUES (2261, 224, '2025-03-12', 1); 
 INSERT INTO asistencias (id, alumno_id, fecha, presente) VALUES (2262, 224, '2025-03-01', 1); 
 INSERT INTO asistencias (id, alumno_id, fecha, presente) VALUES (2263, 224, '2025-04-20', 1); 
 INSERT INTO asistencias (id, alumno_id, fecha, presente) VALUES (2264, 224, '2025-04-07', 1); 
 INSERT INTO asistencias (id, alumno_id, fecha, presente) VALUES (2265, 224, '2025-03-28', 1); 
 INSERT INTO asistencias (id, alumno_id, fecha, presente) VALUES (2266, 224, '2025-04-04', 1); 
 INSERT INTO asistencias (id, alumno_id, fecha, presente) VALUES (2267, 224, '2025-03-02', 1); 
 INSERT INTO asistencias (id, alumno_id, fecha, presente) VALUES (2269, 225, '2025-03-21', 1); 
 INSERT INTO asistencias (id, alumno_id, fecha, presente) VALUES (2270, 225, '2025-04-17', 1); 
 INSERT INTO asistencias (id, alumno_id, fecha, presente) VALUES (2271, 225, '2025-04-23', 1); 
 INSERT INTO asistencias (id, alumno_id, fecha, presente) VALUES (2272, 225, '2025-03-22', 1); 
 INSERT INTO asistencias (id, alumno_id, fecha, presente) VALUES (2273, 225, '2025-04-25', 1); 
 INSERT INTO asistencias (id, alumno_id, fecha, presente) VALUES (2274, 225, '2025-03-18', 1); 
 INSERT INTO asistencias (id, alumno_id, fecha, presente) VALUES (2275, 225, '2025-03-13', 1); 
 INSERT INTO asistencias (id, alumno_id, fecha, presente) VALUES (2276, 225, '2025-04-24', 1); 
 INSERT INTO asistencias (id, alumno_id, fecha, presente) VALUES (2277, 225, '2025-03-25', 1); 
 INSERT INTO asistencias (id, alumno_id, fecha, presente) VALUES (2278, 225, '2025-03-23', 1); 
 INSERT INTO asistencias (id, alumno_id, fecha, presente) VALUES (2279, 226, '2025-04-04', 1); 
 INSERT INTO asistencias (id, alumno_id, fecha, presente) VALUES (2280, 226, '2025-04-07', 1); 
 INSERT INTO asistencias (id, alumno_id, fecha, presente) VALUES (2281, 226, '2025-04-09', 1); 
 INSERT INTO asistencias (id, alumno_id, fecha, presente) VALUES (2282, 226, '2025-04-22', 1); 
 INSERT INTO asistencias (id, alumno_id, fecha, presente) VALUES (2283, 226, '2025-03-02', 1); 
 INSERT INTO asistencias (id, alumno_id, fecha, presente) VALUES (2284, 226, '2025-03-11', 1); 
 INSERT INTO asistencias (id, alumno_id, fecha, presente) VALUES (2285, 226, '2025-03-24', 1); 
 INSERT INTO asistencias (id, alumno_id, fecha, presente) VALUES (2286, 226, '2025-04-06', 1); 
 INSERT INTO asistencias (id, alumno_id, fecha, presente) VALUES (2287, 226, '2025-03-25', 1); 
 INSERT INTO asistencias (id, alumno_id, fecha, presente) VALUES (2288, 226, '2025-03-09', 1); 
 INSERT INTO asistencias (id, alumno_id, fecha, presente) VALUES (2289, 227, '2025-04-23', 1); 
 INSERT INTO asistencias (id, alumno_id, fecha, presente) VALUES (2290, 227, '2025-04-13', 1); 
 INSERT INTO asistencias (id, alumno_id, fecha, presente) VALUES (2291, 227, '2025-03-30', 1); 
 INSERT INTO asistencias (id, alumno_id, fecha, presente) VALUES (2292, 227, '2025-04-28', 1); 
 INSERT INTO asistencias (id, alumno_id, fecha, presente) VALUES (2293, 227, '2025-04-11', 1); 
 INSERT INTO asistencias (id, alumno_id, fecha, presente) VALUES (2294, 227, '2025-04-09', 1); 
 INSERT INTO asistencias (id, alumno_id, fecha, presente) VALUES (2295, 227, '2025-03-27', 1); 
 INSERT INTO asistencias (id, alumno_id, fecha, presente) VALUES (2296, 227, '2025-03-29', 1); 
 INSERT INTO asistencias (id, alumno_id, fecha, presente) VALUES (2297, 227, '2025-04-16', 1); 
 INSERT INTO asistencias (id, alumno_id, fecha, presente) VALUES (2298, 227, '2025-03-21', 1); 
 INSERT INTO asistencias (id, alumno_id, fecha, presente) VALUES (2299, 228, '2025-04-08', 1); 
 INSERT INTO asistencias (id, alumno_id, fecha, presente) VALUES (2300, 228, '2025-03-04', 1); 
 INSERT INTO asistencias (id, alumno_id, fecha, presente) VALUES (2301, 228, '2025-04-07', 1); 
 INSERT INTO asistencias (id, alumno_id, fecha, presente) VALUES (2302, 228, '2025-04-17', 1); 
 INSERT INTO asistencias (id, alumno_id, fecha, presente) VALUES (2303, 228, '2025-04-19', 1); 
 INSERT INTO asistencias (id, alumno_id, fecha, presente) VALUES (2304, 228, '2025-03-20', 1); 
 INSERT INTO asistencias (id, alumno_id, fecha, presente) VALUES (2305, 228, '2025-03-02', 1); 
 INSERT INTO asistencias (id, alumno_id, fecha, presente) VALUES (2306, 228, '2025-04-28', 1); 
 INSERT INTO asistencias (id, alumno_id, fecha, presente) VALUES (2307, 228, '2025-03-23', 1); 
 INSERT INTO asistencias (id, alumno_id, fecha, presente) VALUES (2308, 228, '2025-03-11', 1); 
 INSERT INTO asistencias (id, alumno_id, fecha, presente) VALUES (2309, 229, '2025-03-02', 1); 
 INSERT INTO asistencias (id, alumno_id, fecha, presente) VALUES (2310, 229, '2025-03-12', 1); 
 INSERT INTO asistencias (id, alumno_id, fecha, presente) VALUES (2311, 229, '2025-04-16', 1); 
 INSERT INTO asistencias (id, alumno_id, fecha, presente) VALUES (2312, 229, '2025-03-26', 1); 
 INSERT INTO asistencias (id, alumno_id, fecha, presente) VALUES (2313, 229, '2025-03-28', 1); 
 INSERT INTO asistencias (id, alumno_id, fecha, presente) VALUES (2314, 229, '2025-03-22', 1); 
 INSERT INTO asistencias (id, alumno_id, fecha, presente) VALUES (2315, 229, '2025-04-28', 1); 
 INSERT INTO asistencias (id, alumno_id, fecha, presente) VALUES (2316, 229, '2025-03-01', 1); 
 INSERT INTO asistencias (id, alumno_id, fecha, presente) VALUES (2317, 229, '2025-03-31', 1); 
 INSERT INTO asistencias (id, alumno_id, fecha, presente) VALUES (2318, 229, '2025-03-11', 1); 
 INSERT INTO asistencias (id, alumno_id, fecha, presente) VALUES (2319, 230, '2025-04-29', 1); 
 INSERT INTO asistencias (id, alumno_id, fecha, presente) VALUES (2320, 230, '2025-04-24', 1); 
 INSERT INTO asistencias (id, alumno_id, fecha, presente) VALUES (2321, 230, '2025-03-16', 1); 
 INSERT INTO asistencias (id, alumno_id, fecha, presente) VALUES (2322, 230, '2025-03-31', 1); 
 INSERT INTO asistencias (id, alumno_id, fecha, presente) VALUES (2323, 230, '2025-03-23', 1); 
 INSERT INTO asistencias (id, alumno_id, fecha, presente) VALUES (2324, 230, '2025-03-03', 1); 
 INSERT INTO asistencias (id, alumno_id, fecha, presente) VALUES (2325, 230, '2025-03-13', 1); 
 INSERT INTO asistencias (id, alumno_id, fecha, presente) VALUES (2326, 230, '2025-03-24', 1); 
 INSERT INTO asistencias (id, alumno_id, fecha, presente) VALUES (2327, 230, '2025-04-10', 1); 
 INSERT INTO asistencias (id, alumno_id, fecha, presente) VALUES (2328, 230, '2025-03-19', 1); 
 INSERT INTO asistencias (id, alumno_id, fecha, presente) VALUES (2329, 231, '2025-04-02', 1); 
 INSERT INTO asistencias (id, alumno_id, fecha, presente) VALUES (2330, 231, '2025-03-18', 1); 
 INSERT INTO asistencias (id, alumno_id, fecha, presente) VALUES (2331, 231, '2025-03-05', 1); 
 INSERT INTO asistencias (id, alumno_id, fecha, presente) VALUES (2332, 231, '2025-04-18', 1); 
 INSERT INTO asistencias (id, alumno_id, fecha, presente) VALUES (2333, 231, '2025-03-17', 1); 
 INSERT INTO asistencias (id, alumno_id, fecha, presente) VALUES (2334, 231, '2025-04-16', 1); 
 INSERT INTO asistencias (id, alumno_id, fecha, presente) VALUES (2335, 231, '2025-03-03', 1); 
 INSERT INTO asistencias (id, alumno_id, fecha, presente) VALUES (2336, 231, '2025-04-21', 1); 
 INSERT INTO asistencias (id, alumno_id, fecha, presente) VALUES (2337, 231, '2025-04-30', 1); 
 INSERT INTO asistencias (id, alumno_id, fecha, presente) VALUES (2338, 231, '2025-04-12', 1); 
 INSERT INTO asistencias (id, alumno_id, fecha, presente) VALUES (2339, 232, '2025-04-11', 1); 
 INSERT INTO asistencias (id, alumno_id, fecha, presente) VALUES (2340, 232, '2025-03-27', 1); 
 INSERT INTO asistencias (id, alumno_id, fecha, presente) VALUES (2341, 232, '2025-03-17', 1); 
 INSERT INTO asistencias (id, alumno_id, fecha, presente) VALUES (2342, 232, '2025-04-18', 1); 
 INSERT INTO asistencias (id, alumno_id, fecha, presente) VALUES (2343, 232, '2025-04-25', 1); 
 INSERT INTO asistencias (id, alumno_id, fecha, presente) VALUES (2344, 232, '2025-03-09', 1); 
 INSERT INTO asistencias (id, alumno_id, fecha, presente) VALUES (2345, 232, '2025-03-03', 1); 
 INSERT INTO asistencias (id, alumno_id, fecha, presente) VALUES (2346, 232, '2025-03-05', 1); 
 INSERT INTO asistencias (id, alumno_id, fecha, presente) VALUES (2347, 232, '2025-03-29', 1); 
 INSERT INTO asistencias (id, alumno_id, fecha, presente) VALUES (2348, 232, '2025-04-24', 1); 
 INSERT INTO asistencias (id, alumno_id, fecha, presente) VALUES (2349, 233, '2025-03-15', 1); 
 INSERT INTO asistencias (id, alumno_id, fecha, presente) VALUES (2350, 233, '2025-04-14', 1); 
 INSERT INTO asistencias (id, alumno_id, fecha, presente) VALUES (2351, 233, '2025-03-03', 1); 
 INSERT INTO asistencias (id, alumno_id, fecha, presente) VALUES (2352, 233, '2025-04-15', 1); 
 INSERT INTO asistencias (id, alumno_id, fecha, presente) VALUES (2353, 233, '2025-03-16', 1); 
 INSERT INTO asistencias (id, alumno_id, fecha, presente) VALUES (2354, 233, '2025-03-31', 1); 
 INSERT INTO asistencias (id, alumno_id, fecha, presente) VALUES (2355, 233, '2025-03-12', 1); 
 INSERT INTO asistencias (id, alumno_id, fecha, presente) VALUES (2356, 233, '2025-04-11', 1); 
 INSERT INTO asistencias (id, alumno_id, fecha, presente) VALUES (2358, 233, '2025-03-05', 1); 
 INSERT INTO asistencias (id, alumno_id, fecha, presente) VALUES (2359, 234, '2025-04-17', 1); 
 INSERT INTO asistencias (id, alumno_id, fecha, presente) VALUES (2360, 234, '2025-03-11', 1); 
 INSERT INTO asistencias (id, alumno_id, fecha, presente) VALUES (2361, 234, '2025-04-26', 1); 
 INSERT INTO asistencias (id, alumno_id, fecha, presente) VALUES (2362, 234, '2025-03-24', 1); 
 INSERT INTO asistencias (id, alumno_id, fecha, presente) VALUES (2363, 234, '2025-03-03', 1); 
 INSERT INTO asistencias (id, alumno_id, fecha, presente) VALUES (2364, 234, '2025-04-04', 1); 
 INSERT INTO asistencias (id, alumno_id, fecha, presente) VALUES (2365, 234, '2025-03-19', 1); 
 INSERT INTO asistencias (id, alumno_id, fecha, presente) VALUES (2366, 234, '2025-03-17', 1); 
 INSERT INTO asistencias (id, alumno_id, fecha, presente) VALUES (2367, 234, '2025-03-14', 1); 
 INSERT INTO asistencias (id, alumno_id, fecha, presente) VALUES (2368, 234, '2025-04-28', 1); 
 INSERT INTO asistencias (id, alumno_id, fecha, presente) VALUES (2369, 235, '2025-04-15', 1); 
 INSERT INTO asistencias (id, alumno_id, fecha, presente) VALUES (2370, 235, '2025-04-12', 1); 
 INSERT INTO asistencias (id, alumno_id, fecha, presente) VALUES (2371, 235, '2025-03-08', 1); 
 INSERT INTO asistencias (id, alumno_id, fecha, presente) VALUES (2372, 235, '2025-03-24', 1); 
 INSERT INTO asistencias (id, alumno_id, fecha, presente) VALUES (2373, 235, '2025-03-03', 1); 
 INSERT INTO asistencias (id, alumno_id, fecha, presente) VALUES (2375, 235, '2025-03-04', 1); 
 INSERT INTO asistencias (id, alumno_id, fecha, presente) VALUES (2376, 235, '2025-04-17', 1); 
 INSERT INTO asistencias (id, alumno_id, fecha, presente) VALUES (2377, 235, '2025-04-19', 1); 
 INSERT INTO asistencias (id, alumno_id, fecha, presente) VALUES (2378, 235, '2025-03-19', 1); 
 INSERT INTO asistencias (id, alumno_id, fecha, presente) VALUES (2379, 236, '2025-04-20', 1); 
 INSERT INTO asistencias (id, alumno_id, fecha, presente) VALUES (2380, 236, '2025-04-24', 1); 
 INSERT INTO asistencias (id, alumno_id, fecha, presente) VALUES (2381, 236, '2025-04-05', 1); 
 INSERT INTO asistencias (id, alumno_id, fecha, presente) VALUES (2382, 236, '2025-04-19', 1); 
 INSERT INTO asistencias (id, alumno_id, fecha, presente) VALUES (2383, 236, '2025-04-17', 1); 
 INSERT INTO asistencias (id, alumno_id, fecha, presente) VALUES (2384, 236, '2025-04-18', 1); 
 INSERT INTO asistencias (id, alumno_id, fecha, presente) VALUES (2385, 236, '2025-04-29', 1); 
 INSERT INTO asistencias (id, alumno_id, fecha, presente) VALUES (2387, 236, '2025-04-07', 1); 
 INSERT INTO asistencias (id, alumno_id, fecha, presente) VALUES (2388, 236, '2025-03-13', 1); 
 INSERT INTO asistencias (id, alumno_id, fecha, presente) VALUES (2389, 237, '2025-04-04', 1); 
 INSERT INTO asistencias (id, alumno_id, fecha, presente) VALUES (2390, 237, '2025-04-12', 1); 
 INSERT INTO asistencias (id, alumno_id, fecha, presente) VALUES (2391, 237, '2025-03-05', 1); 
 INSERT INTO asistencias (id, alumno_id, fecha, presente) VALUES (2392, 237, '2025-03-02', 1); 
 INSERT INTO asistencias (id, alumno_id, fecha, presente) VALUES (2393, 237, '2025-04-02', 1); 
 INSERT INTO asistencias (id, alumno_id, fecha, presente) VALUES (2395, 237, '2025-04-14', 1); 
 INSERT INTO asistencias (id, alumno_id, fecha, presente) VALUES (2396, 237, '2025-03-28', 1); 
 INSERT INTO asistencias (id, alumno_id, fecha, presente) VALUES (2397, 237, '2025-03-22', 1); 
 INSERT INTO asistencias (id, alumno_id, fecha, presente) VALUES (2399, 238, '2025-03-17', 1); 
 INSERT INTO asistencias (id, alumno_id, fecha, presente) VALUES (2400, 238, '2025-03-24', 1); 
 INSERT INTO asistencias (id, alumno_id, fecha, presente) VALUES (2401, 238, '2025-04-17', 1); 
 INSERT INTO asistencias (id, alumno_id, fecha, presente) VALUES (2402, 238, '2025-03-29', 1); 
 INSERT INTO asistencias (id, alumno_id, fecha, presente) VALUES (2403, 238, '2025-04-28', 1); 
 INSERT INTO asistencias (id, alumno_id, fecha, presente) VALUES (2404, 238, '2025-03-01', 1); 
 INSERT INTO asistencias (id, alumno_id, fecha, presente) VALUES (2405, 238, '2025-03-23', 1); 
 INSERT INTO asistencias (id, alumno_id, fecha, presente) VALUES (2406, 238, '2025-04-21', 1); 
 INSERT INTO asistencias (id, alumno_id, fecha, presente) VALUES (2407, 238, '2025-04-13', 1); 
 INSERT INTO asistencias (id, alumno_id, fecha, presente) VALUES (2408, 238, '2025-04-10', 1); 
 INSERT INTO asistencias (id, alumno_id, fecha, presente) VALUES (2409, 239, '2025-04-29', 1); 
 INSERT INTO asistencias (id, alumno_id, fecha, presente) VALUES (2410, 239, '2025-04-25', 1); 
 INSERT INTO asistencias (id, alumno_id, fecha, presente) VALUES (2411, 239, '2025-04-03', 1); 
 INSERT INTO asistencias (id, alumno_id, fecha, presente) VALUES (2412, 239, '2025-03-26', 1); 
 INSERT INTO asistencias (id, alumno_id, fecha, presente) VALUES (2413, 239, '2025-03-23', 1); 
 INSERT INTO asistencias (id, alumno_id, fecha, presente) VALUES (2414, 239, '2025-03-05', 1); 
 INSERT INTO asistencias (id, alumno_id, fecha, presente) VALUES (2415, 239, '2025-04-10', 1); 
 INSERT INTO asistencias (id, alumno_id, fecha, presente) VALUES (2416, 239, '2025-04-11', 1); 
 INSERT INTO asistencias (id, alumno_id, fecha, presente) VALUES (2418, 239, '2025-04-22', 1); 
 INSERT INTO asistencias (id, alumno_id, fecha, presente) VALUES (2419, 240, '2025-03-27', 1); 
 INSERT INTO asistencias (id, alumno_id, fecha, presente) VALUES (2420, 240, '2025-03-23', 1); 
 INSERT INTO asistencias (id, alumno_id, fecha, presente) VALUES (2421, 240, '2025-04-25', 1); 
 INSERT INTO asistencias (id, alumno_id, fecha, presente) VALUES (2422, 240, '2025-04-27', 1); 
 INSERT INTO asistencias (id, alumno_id, fecha, presente) VALUES (2423, 240, '2025-04-23', 1); 
 INSERT INTO asistencias (id, alumno_id, fecha, presente) VALUES (2424, 240, '2025-03-31', 1); 
 INSERT INTO asistencias (id, alumno_id, fecha, presente) VALUES (2425, 240, '2025-04-12', 1); 
 INSERT INTO asistencias (id, alumno_id, fecha, presente) VALUES (2426, 240, '2025-04-22', 1); 
 INSERT INTO asistencias (id, alumno_id, fecha, presente) VALUES (2427, 240, '2025-03-18', 1); 
 INSERT INTO asistencias (id, alumno_id, fecha, presente) VALUES (2428, 240, '2025-04-28', 1); 
 INSERT INTO asistencias (id, alumno_id, fecha, presente) VALUES (2429, 241, '2025-04-19', 1); 
 INSERT INTO asistencias (id, alumno_id, fecha, presente) VALUES (2430, 241, '2025-04-14', 1); 
 INSERT INTO asistencias (id, alumno_id, fecha, presente) VALUES (2431, 241, '2025-04-20', 1); 
 INSERT INTO asistencias (id, alumno_id, fecha, presente) VALUES (2433, 241, '2025-04-09', 1); 
 INSERT INTO asistencias (id, alumno_id, fecha, presente) VALUES (2434, 241, '2025-04-16', 1); 
 INSERT INTO asistencias (id, alumno_id, fecha, presente) VALUES (2435, 241, '2025-04-13', 1); 
 INSERT INTO asistencias (id, alumno_id, fecha, presente) VALUES (2436, 241, '2025-03-30', 1); 
 INSERT INTO asistencias (id, alumno_id, fecha, presente) VALUES (2437, 241, '2025-04-17', 1); 
 INSERT INTO asistencias (id, alumno_id, fecha, presente) VALUES (2439, 242, '2025-04-14', 1); 
 INSERT INTO asistencias (id, alumno_id, fecha, presente) VALUES (2440, 242, '2025-03-08', 1); 
 INSERT INTO asistencias (id, alumno_id, fecha, presente) VALUES (2441, 242, '2025-03-30', 1); 
 INSERT INTO asistencias (id, alumno_id, fecha, presente) VALUES (2442, 242, '2025-04-15', 1); 
 INSERT INTO asistencias (id, alumno_id, fecha, presente) VALUES (2443, 242, '2025-03-28', 1); 
 INSERT INTO asistencias (id, alumno_id, fecha, presente) VALUES (2444, 242, '2025-04-07', 1); 
 INSERT INTO asistencias (id, alumno_id, fecha, presente) VALUES (2445, 242, '2025-03-27', 1); 
 INSERT INTO asistencias (id, alumno_id, fecha, presente) VALUES (2446, 242, '2025-03-23', 1); 
 INSERT INTO asistencias (id, alumno_id, fecha, presente) VALUES (2447, 242, '2025-03-31', 1); 
 INSERT INTO asistencias (id, alumno_id, fecha, presente) VALUES (2448, 242, '2025-04-16', 1); 
 INSERT INTO asistencias (id, alumno_id, fecha, presente) VALUES (2449, 243, '2025-03-02', 1); 
 INSERT INTO asistencias (id, alumno_id, fecha, presente) VALUES (2450, 243, '2025-03-31', 1); 
 INSERT INTO asistencias (id, alumno_id, fecha, presente) VALUES (2451, 243, '2025-04-25', 1); 
 INSERT INTO asistencias (id, alumno_id, fecha, presente) VALUES (2453, 243, '2025-04-27', 1); 
 INSERT INTO asistencias (id, alumno_id, fecha, presente) VALUES (2454, 243, '2025-04-16', 1); 
 INSERT INTO asistencias (id, alumno_id, fecha, presente) VALUES (2455, 243, '2025-03-28', 1); 
 INSERT INTO asistencias (id, alumno_id, fecha, presente) VALUES (2456, 243, '2025-03-04', 1); 
 INSERT INTO asistencias (id, alumno_id, fecha, presente) VALUES (2457, 243, '2025-03-26', 1); 
 INSERT INTO asistencias (id, alumno_id, fecha, presente) VALUES (2459, 244, '2025-03-02', 1); 
 INSERT INTO asistencias (id, alumno_id, fecha, presente) VALUES (2460, 244, '2025-03-20', 1); 
 INSERT INTO asistencias (id, alumno_id, fecha, presente) VALUES (2461, 244, '2025-04-10', 1); 
 INSERT INTO asistencias (id, alumno_id, fecha, presente) VALUES (2462, 244, '2025-04-04', 1); 
 INSERT INTO asistencias (id, alumno_id, fecha, presente) VALUES (2463, 244, '2025-03-09', 1); 
 INSERT INTO asistencias (id, alumno_id, fecha, presente) VALUES (2464, 244, '2025-04-03', 1); 
 INSERT INTO asistencias (id, alumno_id, fecha, presente) VALUES (2465, 244, '2025-04-21', 1); 
 INSERT INTO asistencias (id, alumno_id, fecha, presente) VALUES (2466, 244, '2025-03-11', 1); 
 INSERT INTO asistencias (id, alumno_id, fecha, presente) VALUES (2467, 244, '2025-04-23', 1); 
 INSERT INTO asistencias (id, alumno_id, fecha, presente) VALUES (2468, 244, '2025-03-27', 1); 
 INSERT INTO asistencias (id, alumno_id, fecha, presente) VALUES (2469, 245, '2025-04-05', 1); 
 INSERT INTO asistencias (id, alumno_id, fecha, presente) VALUES (2470, 245, '2025-04-26', 1); 
 INSERT INTO asistencias (id, alumno_id, fecha, presente) VALUES (2471, 245, '2025-04-22', 1); 
 INSERT INTO asistencias (id, alumno_id, fecha, presente) VALUES (2472, 245, '2025-04-07', 1); 
 INSERT INTO asistencias (id, alumno_id, fecha, presente) VALUES (2473, 245, '2025-03-29', 1); 
 INSERT INTO asistencias (id, alumno_id, fecha, presente) VALUES (2474, 245, '2025-03-28', 1); 
 INSERT INTO asistencias (id, alumno_id, fecha, presente) VALUES (2476, 245, '2025-03-23', 1); 
 INSERT INTO asistencias (id, alumno_id, fecha, presente) VALUES (2477, 245, '2025-03-13', 1); 
 INSERT INTO asistencias (id, alumno_id, fecha, presente) VALUES (2478, 245, '2025-03-07', 1); 
 INSERT INTO asistencias (id, alumno_id, fecha, presente) VALUES (2479, 246, '2025-03-17', 1); 
 INSERT INTO asistencias (id, alumno_id, fecha, presente) VALUES (2480, 246, '2025-03-29', 1); 
 INSERT INTO asistencias (id, alumno_id, fecha, presente) VALUES (2481, 246, '2025-04-14', 1); 
 INSERT INTO asistencias (id, alumno_id, fecha, presente) VALUES (2482, 246, '2025-04-04', 1); 
 INSERT INTO asistencias (id, alumno_id, fecha, presente) VALUES (2483, 246, '2025-03-16', 1); 
 INSERT INTO asistencias (id, alumno_id, fecha, presente) VALUES (2484, 246, '2025-03-13', 1); 
 INSERT INTO asistencias (id, alumno_id, fecha, presente) VALUES (2485, 246, '2025-03-03', 1); 
 INSERT INTO asistencias (id, alumno_id, fecha, presente) VALUES (2486, 246, '2025-04-08', 1); 
 INSERT INTO asistencias (id, alumno_id, fecha, presente) VALUES (2487, 246, '2025-04-19', 1); 
 INSERT INTO asistencias (id, alumno_id, fecha, presente) VALUES (2488, 246, '2025-03-14', 1); 
 INSERT INTO asistencias (id, alumno_id, fecha, presente) VALUES (2489, 247, '2025-03-26', 1); 
 INSERT INTO asistencias (id, alumno_id, fecha, presente) VALUES (2490, 247, '2025-03-31', 1); 
 INSERT INTO asistencias (id, alumno_id, fecha, presente) VALUES (2491, 247, '2025-03-12', 1); 
 INSERT INTO asistencias (id, alumno_id, fecha, presente) VALUES (2492, 247, '2025-03-18', 1); 
 INSERT INTO asistencias (id, alumno_id, fecha, presente) VALUES (2493, 247, '2025-03-08', 1); 
 INSERT INTO asistencias (id, alumno_id, fecha, presente) VALUES (2494, 247, '2025-04-10', 1); 
 INSERT INTO asistencias (id, alumno_id, fecha, presente) VALUES (2495, 247, '2025-04-08', 1); 
 INSERT INTO asistencias (id, alumno_id, fecha, presente) VALUES (2496, 247, '2025-04-28', 1); 
 INSERT INTO asistencias (id, alumno_id, fecha, presente) VALUES (2497, 247, '2025-04-06', 1); 
 INSERT INTO asistencias (id, alumno_id, fecha, presente) VALUES (2498, 247, '2025-04-23', 1); 
 INSERT INTO asistencias (id, alumno_id, fecha, presente) VALUES (2499, 248, '2025-03-15', 1); 
 INSERT INTO asistencias (id, alumno_id, fecha, presente) VALUES (2500, 248, '2025-04-13', 1); 
 INSERT INTO asistencias (id, alumno_id, fecha, presente) VALUES (2501, 248, '2025-04-23', 1); 
 INSERT INTO asistencias (id, alumno_id, fecha, presente) VALUES (2502, 248, '2025-03-02', 1); 
 INSERT INTO asistencias (id, alumno_id, fecha, presente) VALUES (2503, 248, '2025-03-14', 1); 
 INSERT INTO asistencias (id, alumno_id, fecha, presente) VALUES (2504, 248, '2025-03-17', 1); 
 INSERT INTO asistencias (id, alumno_id, fecha, presente) VALUES (2505, 248, '2025-04-03', 1); 
 INSERT INTO asistencias (id, alumno_id, fecha, presente) VALUES (2506, 248, '2025-03-19', 1); 
 INSERT INTO asistencias (id, alumno_id, fecha, presente) VALUES (2507, 248, '2025-03-06', 1); 
 INSERT INTO asistencias (id, alumno_id, fecha, presente) VALUES (2508, 248, '2025-03-08', 1); 
 INSERT INTO asistencias (id, alumno_id, fecha, presente) VALUES (2509, 249, '2025-03-28', 1); 
 INSERT INTO asistencias (id, alumno_id, fecha, presente) VALUES (2510, 249, '2025-04-24', 1); 
 INSERT INTO asistencias (id, alumno_id, fecha, presente) VALUES (2511, 249, '2025-04-14', 1); 
 INSERT INTO asistencias (id, alumno_id, fecha, presente) VALUES (2512, 249, '2025-04-19', 1); 
 INSERT INTO asistencias (id, alumno_id, fecha, presente) VALUES (2513, 249, '2025-03-01', 1); 
 INSERT INTO asistencias (id, alumno_id, fecha, presente) VALUES (2514, 249, '2025-03-26', 1); 
 INSERT INTO asistencias (id, alumno_id, fecha, presente) VALUES (2515, 249, '2025-03-21', 1); 
 INSERT INTO asistencias (id, alumno_id, fecha, presente) VALUES (2516, 249, '2025-03-07', 1); 
 INSERT INTO asistencias (id, alumno_id, fecha, presente) VALUES (2517, 249, '2025-04-27', 1); 
 INSERT INTO asistencias (id, alumno_id, fecha, presente) VALUES (2518, 249, '2025-04-18', 1); 
 INSERT INTO asistencias (id, alumno_id, fecha, presente) VALUES (2519, 250, '2025-04-07', 1); 
 INSERT INTO asistencias (id, alumno_id, fecha, presente) VALUES (2520, 250, '2025-04-10', 1); 
 INSERT INTO asistencias (id, alumno_id, fecha, presente) VALUES (2521, 250, '2025-03-26', 1); 
 INSERT INTO asistencias (id, alumno_id, fecha, presente) VALUES (2523, 250, '2025-03-10', 1); 
 INSERT INTO asistencias (id, alumno_id, fecha, presente) VALUES (2524, 250, '2025-03-27', 1); 
 INSERT INTO asistencias (id, alumno_id, fecha, presente) VALUES (2525, 250, '2025-03-05', 1); 
 INSERT INTO asistencias (id, alumno_id, fecha, presente) VALUES (2526, 250, '2025-04-22', 1); 
 INSERT INTO asistencias (id, alumno_id, fecha, presente) VALUES (2527, 250, '2025-03-21', 1); 
 INSERT INTO asistencias (id, alumno_id, fecha, presente) VALUES (2528, 250, '2025-03-28', 1); 
 INSERT INTO asistencias (id, alumno_id, fecha, presente) VALUES (2529, 251, '2025-03-01', 1); 
 INSERT INTO asistencias (id, alumno_id, fecha, presente) VALUES (2530, 251, '2025-03-09', 1); 
 INSERT INTO asistencias (id, alumno_id, fecha, presente) VALUES (2531, 251, '2025-03-31', 1); 
 INSERT INTO asistencias (id, alumno_id, fecha, presente) VALUES (2532, 251, '2025-03-08', 1); 
 INSERT INTO asistencias (id, alumno_id, fecha, presente) VALUES (2533, 251, '2025-03-30', 1); 
 INSERT INTO asistencias (id, alumno_id, fecha, presente) VALUES (2534, 251, '2025-04-24', 1); 
 INSERT INTO asistencias (id, alumno_id, fecha, presente) VALUES (2535, 251, '2025-04-14', 1); 
 INSERT INTO asistencias (id, alumno_id, fecha, presente) VALUES (2536, 251, '2025-03-04', 1); 
 INSERT INTO asistencias (id, alumno_id, fecha, presente) VALUES (2538, 251, '2025-04-18', 1); 
 INSERT INTO asistencias (id, alumno_id, fecha, presente) VALUES (2539, 252, '2025-03-23', 1); 
 INSERT INTO asistencias (id, alumno_id, fecha, presente) VALUES (2540, 252, '2025-03-01', 1); 
 INSERT INTO asistencias (id, alumno_id, fecha, presente) VALUES (2541, 252, '2025-03-12', 1); 
 INSERT INTO asistencias (id, alumno_id, fecha, presente) VALUES (2542, 252, '2025-03-31', 1); 
 INSERT INTO asistencias (id, alumno_id, fecha, presente) VALUES (2543, 252, '2025-04-08', 1); 
 INSERT INTO asistencias (id, alumno_id, fecha, presente) VALUES (2544, 252, '2025-04-29', 1); 
 INSERT INTO asistencias (id, alumno_id, fecha, presente) VALUES (2546, 252, '2025-03-25', 1); 
 INSERT INTO asistencias (id, alumno_id, fecha, presente) VALUES (2547, 252, '2025-04-28', 1); 
 INSERT INTO asistencias (id, alumno_id, fecha, presente) VALUES (2548, 252, '2025-04-03', 1); 
 INSERT INTO asistencias (id, alumno_id, fecha, presente) VALUES (2549, 253, '2025-04-14', 1); 
 INSERT INTO asistencias (id, alumno_id, fecha, presente) VALUES (2550, 253, '2025-04-02', 1); 
 INSERT INTO asistencias (id, alumno_id, fecha, presente) VALUES (2551, 253, '2025-03-14', 1); 
 INSERT INTO asistencias (id, alumno_id, fecha, presente) VALUES (2552, 253, '2025-04-23', 1); 
 INSERT INTO asistencias (id, alumno_id, fecha, presente) VALUES (2553, 253, '2025-03-12', 1); 
 INSERT INTO asistencias (id, alumno_id, fecha, presente) VALUES (2554, 253, '2025-03-28', 1); 
 INSERT INTO asistencias (id, alumno_id, fecha, presente) VALUES (2555, 253, '2025-03-27', 1); 
 INSERT INTO asistencias (id, alumno_id, fecha, presente) VALUES (2556, 253, '2025-04-21', 1); 
 INSERT INTO asistencias (id, alumno_id, fecha, presente) VALUES (2557, 253, '2025-04-29', 1); 
 INSERT INTO asistencias (id, alumno_id, fecha, presente) VALUES (2559, 254, '2025-03-05', 1); 
 INSERT INTO asistencias (id, alumno_id, fecha, presente) VALUES (2560, 254, '2025-03-02', 1); 
 INSERT INTO asistencias (id, alumno_id, fecha, presente) VALUES (2561, 254, '2025-04-21', 1); 
 INSERT INTO asistencias (id, alumno_id, fecha, presente) VALUES (2562, 254, '2025-03-14', 1); 
 INSERT INTO asistencias (id, alumno_id, fecha, presente) VALUES (2563, 254, '2025-03-01', 1); 
 INSERT INTO asistencias (id, alumno_id, fecha, presente) VALUES (2564, 254, '2025-03-13', 1); 
 INSERT INTO asistencias (id, alumno_id, fecha, presente) VALUES (2565, 254, '2025-03-23', 1); 
 INSERT INTO asistencias (id, alumno_id, fecha, presente) VALUES (2566, 254, '2025-04-06', 1); 
 INSERT INTO asistencias (id, alumno_id, fecha, presente) VALUES (2568, 254, '2025-03-17', 1); 
 INSERT INTO asistencias (id, alumno_id, fecha, presente) VALUES (2569, 255, '2025-03-02', 1); 
 INSERT INTO asistencias (id, alumno_id, fecha, presente) VALUES (2570, 255, '2025-04-07', 1); 
 INSERT INTO asistencias (id, alumno_id, fecha, presente) VALUES (2571, 255, '2025-04-22', 1); 
 INSERT INTO asistencias (id, alumno_id, fecha, presente) VALUES (2572, 255, '2025-03-12', 1); 
 INSERT INTO asistencias (id, alumno_id, fecha, presente) VALUES (2573, 255, '2025-03-09', 1); 
 INSERT INTO asistencias (id, alumno_id, fecha, presente) VALUES (2574, 255, '2025-04-29', 1); 
 INSERT INTO asistencias (id, alumno_id, fecha, presente) VALUES (2575, 255, '2025-03-10', 1); 
 INSERT INTO asistencias (id, alumno_id, fecha, presente) VALUES (2576, 255, '2025-04-21', 1); 
 INSERT INTO asistencias (id, alumno_id, fecha, presente) VALUES (2577, 255, '2025-03-26', 1); 
 INSERT INTO asistencias (id, alumno_id, fecha, presente) VALUES (2579, 256, '2025-04-10', 1); 
 INSERT INTO asistencias (id, alumno_id, fecha, presente) VALUES (2580, 256, '2025-04-11', 1); 
 INSERT INTO asistencias (id, alumno_id, fecha, presente) VALUES (2581, 256, '2025-03-20', 1); 
 INSERT INTO asistencias (id, alumno_id, fecha, presente) VALUES (2582, 256, '2025-03-23', 1); 
 INSERT INTO asistencias (id, alumno_id, fecha, presente) VALUES (2583, 256, '2025-04-16', 1); 
 INSERT INTO asistencias (id, alumno_id, fecha, presente) VALUES (2584, 256, '2025-04-27', 1); 
 INSERT INTO asistencias (id, alumno_id, fecha, presente) VALUES (2585, 256, '2025-03-19', 1); 
 INSERT INTO asistencias (id, alumno_id, fecha, presente) VALUES (2587, 256, '2025-04-08', 1); 
 INSERT INTO asistencias (id, alumno_id, fecha, presente) VALUES (2589, 257, '2025-03-31', 1); 
 INSERT INTO asistencias (id, alumno_id, fecha, presente) VALUES (2590, 257, '2025-04-12', 1); 
 INSERT INTO asistencias (id, alumno_id, fecha, presente) VALUES (2591, 257, '2025-04-19', 1); 
 INSERT INTO asistencias (id, alumno_id, fecha, presente) VALUES (2592, 257, '2025-04-01', 1); 
 INSERT INTO asistencias (id, alumno_id, fecha, presente) VALUES (2593, 257, '2025-04-29', 1); 
 INSERT INTO asistencias (id, alumno_id, fecha, presente) VALUES (2594, 257, '2025-04-11', 1); 
 INSERT INTO asistencias (id, alumno_id, fecha, presente) VALUES (2595, 257, '2025-03-09', 1); 
 INSERT INTO asistencias (id, alumno_id, fecha, presente) VALUES (2596, 257, '2025-03-01', 1); 
 INSERT INTO asistencias (id, alumno_id, fecha, presente) VALUES (2597, 257, '2025-04-05', 1); 
 INSERT INTO asistencias (id, alumno_id, fecha, presente) VALUES (2598, 257, '2025-03-12', 1); 
 INSERT INTO asistencias (id, alumno_id, fecha, presente) VALUES (2600, 245, '2025-05-06', 1); 
 INSERT INTO asistencias (id, alumno_id, fecha, presente) VALUES (2601, 257, '2025-05-06', 1); 
 INSERT INTO asistencias (id, alumno_id, fecha, presente) VALUES (2602, 242, '2025-05-06', 1); 
 INSERT INTO asistencias (id, alumno_id, fecha, presente) VALUES (2603, 249, '2025-05-06', 1); 
 INSERT INTO asistencias (id, alumno_id, fecha, presente) VALUES (2604, 246, '2025-05-06', 1); 
 INSERT INTO asistencias (id, alumno_id, fecha, presente) VALUES (2605, 232, '2025-05-06', 1); 
 INSERT INTO asistencias (id, alumno_id, fecha, presente) VALUES (2606, 254, '2025-05-06', 1); 
 INSERT INTO asistencias (id, alumno_id, fecha, presente) VALUES (2607, 248, '2025-05-06', 1); 
 INSERT INTO asistencias (id, alumno_id, fecha, presente) VALUES (2608, 237, '2025-05-06', 1); 
 INSERT INTO asistencias (id, alumno_id, fecha, presente) VALUES (2609, 240, '2025-05-06', 1); 
 INSERT INTO asistencias (id, alumno_id, fecha, presente) VALUES (2620, 25, '2025-05-06', 1);  
 INSERT INTO asistencias (id, alumno_id, fecha, presente) VALUES (2621, 8, '2025-05-06', 1);   
 INSERT INTO asistencias (id, alumno_id, fecha, presente) VALUES (2622, 16, '2025-05-06', 1);  
 INSERT INTO asistencias (id, alumno_id, fecha, presente) VALUES (2623, 26, '2025-05-06', 1);  
 INSERT INTO asistencias (id, alumno_id, fecha, presente) VALUES (2627, 251, '2025-05-06', 1); 
 INSERT INTO asistencias (id, alumno_id, fecha, presente) VALUES (2628, 209, '2025-05-08', 1); 
 INSERT INTO asistencias (id, alumno_id, fecha, presente) VALUES (2629, 9, '2025-05-08', 1);   
 INSERT INTO asistencias (id, alumno_id, fecha, presente) VALUES (2631, 30, '2025-05-08', 1);  
 INSERT INTO asistencias (id, alumno_id, fecha, presente) VALUES (2632, 240, '2025-05-08', 1); 
 INSERT INTO asistencias (id, alumno_id, fecha, presente) VALUES (2633, 237, '2025-05-08', 1); 
 INSERT INTO asistencias (id, alumno_id, fecha, presente) VALUES (2634, 254, '2025-05-08', 1); 
 INSERT INTO asistencias (id, alumno_id, fecha, presente) VALUES (2635, 1, '2025-05-08', 1);   
 INSERT INTO asistencias (id, alumno_id, fecha, presente) VALUES (2637, 23, '2025-05-08', 1);  
 INSERT INTO asistencias (id, alumno_id, fecha, presente) VALUES (2639, 26, '2025-05-08', 1);  
 INSERT INTO asistencias (id, alumno_id, fecha, presente) VALUES (2642, 245, '2025-05-08', 1); 
 INSERT INTO asistencias (id, alumno_id, fecha, presente) VALUES (2643, 1, '2025-05-09', 1);   
 INSERT INTO asistencias (id, alumno_id, fecha, presente) VALUES (2644, 30, '2025-05-13', 1);  
 INSERT INTO asistencias (id, alumno_id, fecha, presente) VALUES (2645, 254, '2025-05-13', 1); 
 INSERT INTO asistencias (id, alumno_id, fecha, presente) VALUES (2646, 249, '2025-05-13', 1); 
 INSERT INTO asistencias (id, alumno_id, fecha, presente) VALUES (2647, 23, '2025-05-13', 1);  
 INSERT INTO asistencias (id, alumno_id, fecha, presente) VALUES (2648, 245, '2025-05-13', 1); 
 INSERT INTO asistencias (id, alumno_id, fecha, presente) VALUES (2649, 257, '2025-05-13', 1); 
 INSERT INTO asistencias (id, alumno_id, fecha, presente) VALUES (2650, 10, '2025-05-13', 1);  
 INSERT INTO asistencias (id, alumno_id, fecha, presente) VALUES (2651, 8, '2025-05-13', 1);   
 INSERT INTO asistencias (id, alumno_id, fecha, presente) VALUES (2652, 23, '2025-05-19', 1);  
 INSERT INTO asistencias (id, alumno_id, fecha, presente) VALUES (2653, 245, '2025-05-19', 1); 
 INSERT INTO asistencias (id, alumno_id, fecha, presente) VALUES (2654, 20, '2025-05-19', 1);  
 INSERT INTO asistencias (id, alumno_id, fecha, presente) VALUES (2655, 26, '2025-05-19', 1);  
 INSERT INTO asistencias (id, alumno_id, fecha, presente) VALUES (2656, 254, '2025-05-20', 1); 
 INSERT INTO asistencias (id, alumno_id, fecha, presente) VALUES (2657, 245, '2025-05-22', 1); 
 INSERT INTO asistencias (id, alumno_id, fecha, presente) VALUES (2658, 254, '2025-05-22', 1); 
 INSERT INTO asistencias (id, alumno_id, fecha, presente) VALUES (2659, 209, '2025-05-22', 1); 
 INSERT INTO asistencias (id, alumno_id, fecha, presente) VALUES (2660, 237, '2025-05-22', 1); 
 INSERT INTO asistencias (id, alumno_id, fecha, presente) VALUES (2661, 254, '2025-05-23', 1); 
 INSERT INTO asistencias (id, alumno_id, fecha, presente) VALUES (2662, 249, '2025-05-23', 1); 
 INSERT INTO asistencias (id, alumno_id, fecha, presente) VALUES (2663, 245, '2025-05-23', 1); 
 INSERT INTO asistencias (id, alumno_id, fecha, presente) VALUES (2664, 30, '2025-05-23', 1);  
 INSERT INTO asistencias (id, alumno_id, fecha, presente) VALUES (2665, 26, '2025-05-23', 1);  
 INSERT INTO asistencias (id, alumno_id, fecha, presente) VALUES (2667, 16, '2025-05-23', 1);  
 INSERT INTO asistencias (id, alumno_id, fecha, presente) VALUES (2669, 8, '2025-05-23', 1);   
 INSERT INTO asistencias (id, alumno_id, fecha, presente) VALUES (2670, 25, '2025-05-23', 1);  
 INSERT INTO asistencias (id, alumno_id, fecha, presente) VALUES (2671, 245, '2025-05-26', 1); 
 INSERT INTO asistencias (id, alumno_id, fecha, presente) VALUES (2672, 254, '2025-05-26', 1); 
 INSERT INTO asistencias (id, alumno_id, fecha, presente) VALUES (2673, 26, '2025-05-26', 1);  
 INSERT INTO asistencias (id, alumno_id, fecha, presente) VALUES (2674, 25, '2025-05-26', 1);  
 INSERT INTO asistencias (id, alumno_id, fecha, presente) VALUES (2675, 254, '2025-05-28', 1); 
 INSERT INTO asistencias (id, alumno_id, fecha, presente) VALUES (2676, 249, '2025-05-28', 1); 
 INSERT INTO asistencias (id, alumno_id, fecha, presente) VALUES (2677, 245, '2025-05-28', 1); 
 INSERT INTO asistencias (id, alumno_id, fecha, presente) VALUES (2678, 254, '2025-05-29', 1); 
 INSERT INTO asistencias (id, alumno_id, fecha, presente) VALUES (2679, 245, '2025-06-02', 1); 
 INSERT INTO asistencias (id, alumno_id, fecha, presente) VALUES (2680, 254, '2025-06-02', 1); 
 INSERT INTO asistencias (id, alumno_id, fecha, presente) VALUES (2681, 257, '2025-06-02', 1); 
 INSERT INTO asistencias (id, alumno_id, fecha, presente) VALUES (2682, 8, '2025-06-02', 1);   
 INSERT INTO asistencias (id, alumno_id, fecha, presente) VALUES (2683, 16, '2025-06-02', 1);  
 INSERT INTO asistencias (id, alumno_id, fecha, presente) VALUES (2684, 26, '2025-06-02', 1);  
 INSERT INTO asistencias (id, alumno_id, fecha, presente) VALUES (2685, 23, '2025-06-02', 1);  
 INSERT INTO asistencias (id, alumno_id, fecha, presente) VALUES (2686, 249, '2025-06-02', 1); 
 INSERT INTO asistencias (id, alumno_id, fecha, presente) VALUES (2687, 254, '2025-06-03', 1); 
 INSERT INTO asistencias (id, alumno_id, fecha, presente) VALUES (2688, 254, '2025-06-04', 1); 
 INSERT INTO asistencias (id, alumno_id, fecha, presente) VALUES (2689, 245, '2025-06-04', 1); 
 INSERT INTO asistencias (id, alumno_id, fecha, presente) VALUES (2690, 23, '2025-06-04', 1);  
 INSERT INTO asistencias (id, alumno_id, fecha, presente) VALUES (2691, 249, '2025-06-04', 1); 
 INSERT INTO asistencias (id, alumno_id, fecha, presente) VALUES (2692, 2, '2025-06-04', 1);   
 INSERT INTO asistencias (id, alumno_id, fecha, presente) VALUES (2693, 13, '2025-06-04', 1);  
 INSERT INTO asistencias (id, alumno_id, fecha, presente) VALUES (2694, 8, '2025-06-04', 1);   
 INSERT INTO asistencias (id, alumno_id, fecha, presente) VALUES (2695, 26, '2025-06-04', 1);  
 INSERT INTO asistencias (id, alumno_id, fecha, presente) VALUES (2696, 16, '2025-06-04', 1);  
 
